ID,Code,Scientific_Name,In.FFE,Bark.Thickness.25.4,Bark.Thickness.Source,Wood.density,Wood.density.Source,Decay.class,Decay.class.Source,Leaf.longevity,Leaf.longevity.Source
1,Abi_Ama,Abies_amabilis,1,1.1938,FVS FFE,24.9,FVS FFE,4.0,FVS FFE,7.0,FVS FFE
2,Abi_Bal,Abies_balsamea,1,0.7874,FVS FFE,20.6,FVS FFE,4.0,FVS FFE,8.0,FVS FFE
3,Abi_Con,Abies_concolor,1,1.2192,FVS FFE,23.1,FVS FFE,4.0,FVS FFE,7.0,FVS FFE
4,Abi_Gra,Abies_grandis,1,1.1683999999999999,FVS FFE,21.8,FVS FFE,4.0,FVS FFE,7.0,FVS FFE
5,Abi_Las,Abies_lasiocarpa,1,1.0413999999999999,FVS FFE,19.3,FVS FFE,4.0,FVS FFE,7.0,FVS FFE
6,Abi_Mag,Abies_magnifica,1,0.9905999999999999,FVS FFE,22.5,FVS FFE,4.0,FVS FFE,7.0,FVS FFE
7,Abi_Mag_mag,Abies_magnifica_magnifica,1,0.9905999999999999,FVS FFE,22.5,FVS FFE,4.0,FVS FFE,7.0,FVS FFE
8,Abi_Mag_sha,Abies_magnifica_shastensis,1,0.9905999999999999,FVS FFE,22.5,FVS FFE,4.0,FVS FFE,7.0,FVS FFE
9,Abi_Pro,Abies_procera,1,1.1429999999999998,FVS FFE,23.1,FVS FFE,4.0,FVS FFE,7.0,FVS FFE
10,Abi_Spp,Abies_spp.,1,1.3208,FVS FFE,20.6,FVS FFE,4.0,FVS FFE,8.0,FVS FFE
11,Cal_Dec,Calocedrus_decurrens,1,1.7906999999999997,FVS FFE,21.8,FVS FFE,2.0,FVS FFE,5.0,FVS FFE
12,Cha_Law,Chamaecyparis_lawsonia,1,2.0574,FVS FFE,24.3,FVS FFE,2.0,FVS FFE,4.0,FVS FFE
13,Cha_Noo,Chamaecyparis_nootkatensis,1,0.5588,FVS FFE,26.2,FVS FFE,2.0,FVS FFE,5.0,FVS FFE
14,Cha_Tho,Chamaecyparis_thoides,1,0.635,FVS FFE,19.3,FVS FFE,2.0,FVS FFE,3.0,FVS FFE
15,Jun_Occ,Juniperus_occidentalis,1,0.635,FVS FFE,34.9,FVS FFE,2.0,FVS FFE,4.0,FVS FFE
16,Jun_Sco,Juniperus_scopulorum,1,0.635,FVS FFE,34.9,FVS FFE,2.0,FVS FFE,4.0,FVS FFE
17,Jun_Spp,Juniperus_spp.,1,0.9016999999999998,FVS FFE,27.4,FVS FFE,2.0,FVS FFE,5.0,FVS FFE
18,Jun_Vir,Juniperus_virginiana,1,0.9652,FVS FFE,27.4,FVS FFE,2.0,FVS FFE,5.0,FVS FFE
19,Lar_Lar,Larix_laricina,1,0.7874,FVS FFE,30.6,FVS FFE,3.0,FVS FFE,1.0,FVS FFE
20,Lar_Lya,Larix_lyallii,1,1.27,FVS FFE,29.9,FVS FFE,3.0,FVS FFE,1.0,FVS FFE
21,Lar_Occ,Larix_occidentalis,1,1.6001999999999998,FVS FFE,29.9,FVS FFE,3.0,FVS FFE,1.0,FVS FFE
22,Pic_Abi,Picea_abies,1,0.7366,FVS FFE,23.1,FVS FFE,4.0,FVS FFE,8.0,FVS FFE
23,Pic_Bre,Picea_breweriana,1,0.635,FVS FFE,20.6,FVS FFE,4.0,FVS FFE,8.0,FVS FFE
24,Pic_Eng,Picea_engelmannii,1,0.9143999999999999,FVS FFE,20.6,FVS FFE,4.0,FVS FFE,6.0,FVS FFE
25,Pic_Gla,Picea_glauca,1,0.635,FVS FFE,23.1,FVS FFE,4.0,FVS FFE,7.333333,FVS FFE
26,Pic_Mar,Picea_mariana,1,0.8128,FVS FFE,23.7,FVS FFE,4.0,FVS FFE,8.0,FVS FFE
27,Pic_Rub,Picea_rubens,1,0.8636,FVS FFE,23.1,FVS FFE,4.0,FVS FFE,8.0,FVS FFE
28,Pic_Sit,Picea_sitchensis,1,0.6858,FVS FFE,20.6,FVS FFE,4.0,FVS FFE,5.0,FVS FFE
29,Pic_Spp,Picea_spp.,1,0.8636,FVS FFE,23.1,FVS FFE,4.0,FVS FFE,8.0,FVS FFE
30,Pin_Alb,Pinus_albicaulis,1,0.7619999999999999,FVS FFE,22.5,FVS FFE,4.0,FVS FFE,3.0,FVS FFE
31,Pin_Att,Pinus_attenuata,1,0.7619999999999999,FVS FFE,23.7,FVS FFE,4.0,FVS FFE,4.0,FVS FFE
32,Pin_Ban,Pinus_banksiana,1,1.016,FVS FFE,24.9,FVS FFE,4.0,FVS FFE,2.0,FVS FFE
33,Pin_Cla,Pinus_clausa,1,0.889,FVS FFE,28.7,FVS FFE,4.0,FVS FFE,2.0,FVS FFE
34,Pin_Con,Pinus_contorta,1,0.7111999999999999,FVS FFE,23.7,FVS FFE,4.0,FVS FFE,3.0,FVS FFE
35,Pin_Con_bol,Pinus_contorta_bolanderi,1,0.7111999999999999,FVS FFE,23.7,FVS FFE,4.0,FVS FFE,3.0,FVS FFE
36,Pin_Con_con,Pinus_contorta_contorta,1,0.7111999999999999,FVS FFE,23.7,FVS FFE,4.0,FVS FFE,3.0,FVS FFE
37,Pin_Con_lat,Pinus_contorta_latifolia,1,0.7111999999999999,FVS FFE,23.7,FVS FFE,4.0,FVS FFE,3.0,FVS FFE
38,Pin_Con_mur,Pinus_contorta_murrayana,1,0.7111999999999999,FVS FFE,23.7,FVS FFE,4.0,FVS FFE,3.0,FVS FFE
39,Pin_Cou,Pinus_coulteri,1,1.6001999999999998,FVS FFE,23.7,FVS FFE,4.0,FVS FFE,3.0,FVS FFE
40,Pin_Ech,Pinus_echinata,1,0.9397999999999999,FVS FFE,29.3,FVS FFE,4.0,FVS FFE,4.0,FVS FFE
41,Pin_Edu,Pinus_edulis,1,1.5748,FVS FFE,31.8,FVS FFE,4.0,FVS FFE,3.0,FVS FFE
42,Pin_Ell,Pinus_elliottii,1,1.397,FVS FFE,33.7,FVS FFE,4.0,FVS FFE,2.0,FVS FFE
43,Pin_Fle,Pinus_flexilis,1,0.7619999999999999,FVS FFE,22.5,FVS FFE,4.0,FVS FFE,3.0,FVS FFE
44,Pin_Gla,Pinus_glabra,1,0.889,FVS FFE,25.6,FVS FFE,4.0,FVS FFE,2.0,FVS FFE
45,Pin_Jef,Pinus_jeffreyi,1,1.7272,FVS FFE,21.2,FVS FFE,4.0,FVS FFE,3.0,FVS FFE
46,Pin_Lam,Pinus_lambertiana,1,1.8287999999999998,FVS FFE,21.2,FVS FFE,4.0,FVS FFE,3.0,FVS FFE
47,Pin_Mon3,Pinus_monticola,1,0.889,FVS FFE,22.5,FVS FFE,4.0,FVS FFE,3.5,FVS FFE
48,Pin_Pal,Pinus_palustris,1,1.2446,FVS FFE,33.7,FVS FFE,4.0,FVS FFE,2.0,FVS FFE
49,Pin_Pon,Pinus_ponderosa,1,1.6001999999999998,FVS FFE,23.7,FVS FFE,4.0,FVS FFE,3.5,FVS FFE
50,Pin_Pon_bra,Pinus_ponderosa_brachyptera,1,1.6001999999999998,FVS FFE,23.7,FVS FFE,4.0,FVS FFE,3.5,FVS FFE
51,Pin_Pon_cri,Pinus_ponderosa_critchfieldiana,1,1.6001999999999998,FVS FFE,23.7,FVS FFE,4.0,FVS FFE,3.5,FVS FFE
52,Pin_Pon_pon,Pinus_ponderosa_ponderosa,1,1.6001999999999998,FVS FFE,23.7,FVS FFE,4.0,FVS FFE,3.5,FVS FFE
53,Pin_Pon_sco,Pinus_ponderosa_scopulorum,1,1.6001999999999998,FVS FFE,23.7,FVS FFE,4.0,FVS FFE,3.5,FVS FFE
54,Pin_Pun,Pinus_pungens,1,1.016,FVS FFE,28.1,FVS FFE,4.0,FVS FFE,3.0,FVS FFE
55,Pin_Rad,Pinus_radiata,1,0.7619999999999999,FVS FFE,23.7,FVS FFE,4.0,FVS FFE,3.0,FVS FFE
56,Pin_Res,Pinus_resinosa,1,1.0921999999999998,FVS FFE,25.6,FVS FFE,4.0,FVS FFE,4.0,FVS FFE
57,Pin_Rig,Pinus_rigida,1,1.1429999999999998,FVS FFE,29.3,FVS FFE,4.0,FVS FFE,2.0,FVS FFE
58,Pin_Sab,Pinus_sabiniana,1,0.8382,FVS FFE,23.7,FVS FFE,4.0,FVS FFE,3.0,FVS FFE
59,Pin_Ser,Pinus_serotina,1,8.6614,FVS FFE,31.8,FVS FFE,4.0,FVS FFE,2.0,FVS FFE
60,Pin_Spp,Pinus_spp.,1,0.7619999999999999,FVS FFE,25.6,FVS FFE,4.0,FVS FFE,2.0,FVS FFE
61,Pin_Str,Pinus_strobus,1,1.1429999999999998,FVS FFE,21.2,FVS FFE,4.0,FVS FFE,2.0,FVS FFE
62,Pin_Syl,Pinus_sylvestris,1,0.7619999999999999,FVS FFE,25.6,FVS FFE,4.0,FVS FFE,3.0,FVS FFE
63,Pin_Tae,Pinus_taeda,1,1.3208,FVS FFE,29.3,FVS FFE,4.0,FVS FFE,3.0,FVS FFE
64,Pin_Vir,Pinus_virginiana,1,0.8382,FVS FFE,28.1,FVS FFE,4.0,FVS FFE,3.0,FVS FFE
65,Pse_Men,Pseudotsuga_menziesii,1,1.6001999999999998,FVS FFE,28.4,FVS FFE,3.0,FVS FFE,5.0,FVS FFE
66,Seq_Gig,Sequoiadendron_giganteum,1,2.0574,FVS FFE,21.2,FVS FFE,2.0,FVS FFE,5.0,FVS FFE
67,Seq_Sem,Sequoia_sempervirens,1,2.0574,FVS FFE,21.2,FVS FFE,2.0,FVS FFE,5.0,FVS FFE
68,Tax_Bre,Taxus_brevifolia,1,0.635,FVS FFE,26.2,FVS FFE,1.0,FVS FFE,7.0,FVS FFE
69,Tax_Dis,Taxodium_distichum,1,0.635,FVS FFE,26.2,FVS FFE,3.0,FVS FFE,1.0,FVS FFE
70,Thu_Occ,Thuja_occidentalis,1,0.635,FVS FFE,18.1,FVS FFE,2.0,FVS FFE,2.0,FVS FFE
71,Thu_Pli,Thuja_plicata,1,0.889,FVS FFE,19.3,FVS FFE,2.0,FVS FFE,5.0,FVS FFE
72,Tor_Cal,Torreya_californica,1,0.635,FVS FFE,34.9,FVS FFE,4.0,FVS FFE,1.0,FVS FFE
73,Tsu_Can,Tsuga_canadensis,1,0.9905999999999999,FVS FFE,23.7,FVS FFE,4.0,FVS FFE,3.0,FVS FFE
74,Tsu_Het,Tsuga_heterophylla,1,4.953,FVS FFE,26.2,FVS FFE,4.0,FVS FFE,5.0,FVS FFE
75,Tsu_Mer,Tsuga_mertensiana,1,5.588,FVS FFE,26.2,FVS FFE,4.0,FVS FFE,4.0,FVS FFE
76,Tsu_Spp,Tsuga_spp.,1,1.0032999999999999,FVS FFE,24.95,FVS FFE,4.0,FVS FFE,3.5,FVS FFE
77,Ace_Bar,Acer_barbatum,1,0.7366,FVS FFE,34.9,FVS FFE,4.0,FVS FFE,1.0,FVS FFE
78,Ace_Gla,Acer_glabrum,1,1.016,FVS FFE,NA,NA,4.0,FVS FFE,1.0,FVS FFE
79,Ace_Mac,Acer_macrophyllum,1,0.6096,FVS FFE,27.4,FVS FFE,4.0,FVS FFE,1.0,FVS FFE
80,Ace_Neg,Acer_negundo,1,0.8636,FVS FFE,29.03333,FVS FFE,4.0,FVS FFE,1.0,FVS FFE
81,Ace_Nig,Acer_nigrum,1,0.889,FVS FFE,32.4,FVS FFE,4.0,FVS FFE,1.0,FVS FFE
82,Ace_Pen,Acer_pensylvanicum,1,1.1429999999999998,FVS FFE,30.6,FVS FFE,4.0,FVS FFE,1.0,FVS FFE
83,Ace_Rub,Acer_rubrum,1,0.7111999999999999,FVS FFE,30.6,FVS FFE,4.0,FVS FFE,1.0,FVS FFE
84,Ace_Sac2,Acer_saccharinum,1,0.7874,FVS FFE,27.4,FVS FFE,4.0,FVS FFE,1.0,FVS FFE
85,Ace_Sac3,Acer_saccharum,1,0.8382,FVS FFE,34.9,FVS FFE,4.0,FVS FFE,1.0,FVS FFE
86,Ace_Spp,Acer_spp.,1,NA,NA,30.6,FVS FFE,4.0,FVS FFE,1.0,FVS FFE
87,Aes_Cal,Aesculus_californica,1,0.9143999999999999,FVS FFE,37.4,FVS FFE,4.0,FVS FFE,1.0,FVS FFE
88,Aes_Gla,Aesculus_glabra,1,0.9143999999999999,FVS FFE,20.6,FVS FFE,4.0,FVS FFE,1.0,FVS FFE
89,Aes_Oct,Aesculus_octandra,1,1.27,FVS FFE,28.7,FVS FFE,4.0,FVS FFE,1.0,FVS FFE
90,Aes_Spp,Aesculus_spp.,1,0.9143999999999999,FVS FFE,31.8,FVS FFE,4.0,FVS FFE,1.0,FVS FFE
91,Ail_Alt,Ailanthus_altissima,1,1.27,FVS FFE,28.7,FVS FFE,4.0,FVS FFE,1.0,FVS FFE
92,Aln_Rho,Alnus_rhombifolia,1,1.5748,FVS FFE,23.1,FVS FFE,4.0,FVS FFE,1.0,FVS FFE
93,Aln_Rub,Alnus_rubra,1,0.6604,FVS FFE,23.1,FVS FFE,4.0,FVS FFE,1.0,FVS FFE
94,Ame_Spp,Amelanchier_spp.,1,1.27,FVS FFE,28.7,FVS FFE,4.0,FVS FFE,1.0,FVS FFE
95,Arb_Men,Arbutus_menziesii,1,1.5493999999999999,FVS FFE,36.2,FVS FFE,3.0,FVS FFE,1.0,FVS FFE
96,Bet_All,Betula_alleghaniensis,1,0.7874,FVS FFE,34.3,FVS FFE,4.0,FVS FFE,1.0,FVS FFE
97,Bet_Len,Betula_lenta,1,0.7619999999999999,FVS FFE,37.4,FVS FFE,4.0,FVS FFE,1.0,FVS FFE
98,Bet_Nig,Betula_nigra,1,0.7366,FVS FFE,30.25,FVS FFE,4.0,FVS FFE,1.0,FVS FFE
99,Bet_Occ,Betula_occidentalis,1,1.27,FVS FFE,29.9,FVS FFE,4.0,FVS FFE,1.0,FVS FFE
100,Bet_Pap,Betula_papyrifera,1,0.6858,FVS FFE,29.9,FVS FFE,4.0,FVS FFE,1.0,FVS FFE
101,Bet_Pop,Betula_populifolia,1,0.8382,FVS FFE,29.9,FVS FFE,4.0,FVS FFE,1.0,FVS FFE
102,Bet_Spp,Betula_spp.,1,0.8382,FVS FFE,34.3,FVS FFE,4.0,FVS FFE,1.0,FVS FFE
103,Car_Alb,Carya_alba,1,1.0921999999999998,FVS FFE,39.9,FVS FFE,4.0,FVS FFE,1.0,FVS FFE
104,Car_Aqu,Carya_aquatica,1,1.1176,FVS FFE,38.0,FVS FFE,4.0,FVS FFE,1.0,FVS FFE
105,Car_Car,Carpinus_caroliniana,1,0.7619999999999999,FVS FFE,32.61429,FVS FFE,3.571429,FVS FFE,1.0,FVS FFE
106,Car_Cor,Carya_cordiformis,1,0.9397999999999999,FVS FFE,37.4,FVS FFE,4.0,FVS FFE,1.0,FVS FFE
107,Car_Gla,Carya_glabra,1,0.9397999999999999,FVS FFE,41.2,FVS FFE,4.0,FVS FFE,1.0,FVS FFE
108,Car_Ill,Carya_illinoensis,1,0.9143999999999999,FVS FFE,37.4,FVS FFE,4.0,FVS FFE,1.0,FVS FFE
109,Car_Lac,Carya_laciniosa,1,1.0921999999999998,FVS FFE,38.7,FVS FFE,4.0,FVS FFE,1.0,FVS FFE
110,Car_Ova,Carya_ovata,1,1.016,FVS FFE,39.9,FVS FFE,4.0,FVS FFE,1.0,FVS FFE
111,Car_Spp,Carya_spp.,1,1.0837334179999998,FVS FFE,39.9,FVS FFE,4.0,FVS FFE,1.0,FVS FFE
112,Car_Tex,Carya_texana,1,1.016,FVS FFE,39.9,FVS FFE,4.0,FVS FFE,1.0,FVS FFE
113,Car_Tom,Carya_tomentosa,1,1.0921999999999998,FVS FFE,39.9,FVS FFE,4.0,FVS FFE,1.0,FVS FFE
114,Cas_Den,Castanea_dentata,1,NA,NA,28.7,FVS FFE,2.0,FVS FFE,1.0,FVS FFE
115,Cat_Spp,Catalpa_spp.,1,0.9397999999999999,FVS FFE,29.3,FVS FFE,2.0,FVS FFE,1.0,FVS FFE
116,Cel_Lae,Celtis_laevigata,1,0.9143999999999999,FVS FFE,30.6,FVS FFE,4.0,FVS FFE,1.0,FVS FFE
117,Cel_Occ,Celtis_occidentalis,1,0.9143999999999999,FVS FFE,30.6,FVS FFE,4.0,FVS FFE,1.0,FVS FFE
118,Cel_Spp,Celtis_spp.,1,0.9143999999999999,FVS FFE,30.6,FVS FFE,4.0,FVS FFE,1.0,FVS FFE
119,Cer_Bet,Cercocarpus_betuloides,1,1.1176,FVS FFE,21.8,FVS FFE,4.0,FVS FFE,1.0,FVS FFE
120,Cer_Can,Cercis_canadensis,1,0.889,FVS FFE,35.55,FVS FFE,3.0,FVS FFE,1.0,FVS FFE
121,Cer_Led,Cercocarpus_ledifolius,1,1.1176,FVS FFE,21.8,FVS FFE,4.0,FVS FFE,1.0,FVS FFE
122,Chr_Chr,Chrysolepis_chrysophylla,1,1.1429999999999998,FVS FFE,36.2,FVS FFE,4.0,FVS FFE,1.0,FVS FFE
123,Cor_Flo,Cornus_florida,1,1.0413999999999999,FVS FFE,33.67143,FVS FFE,3.571429,FVS FFE,1.0,FVS FFE
124,Cor_Nut,Cornus_nuttallii,1,1.5748,FVS FFE,27.4,FVS FFE,4.0,FVS FFE,1.0,FVS FFE
125,Cra_Spp,Crataegus_spp.,1,0.9652,FVS FFE,30.875,FVS FFE,4.0,FVS FFE,1.0,FVS FFE
126,Fag_Gra,Fagus_grandifolia,1,0.635,FVS FFE,34.9,FVS FFE,4.0,FVS FFE,1.0,FVS FFE
127,Fra_Ame,Fraxinus_americana,1,1.0668,FVS FFE,34.3,FVS FFE,4.0,FVS FFE,1.0,FVS FFE
128,Fra_Lat,Fraxinus_latifolia,1,1.0668,FVS FFE,31.2,FVS FFE,4.0,FVS FFE,1.0,FVS FFE
129,Fra_Nig,Fraxinus_nigra,1,0.889,FVS FFE,28.1,FVS FFE,4.0,FVS FFE,1.0,FVS FFE
130,Fra_Pen,Fraxinus_pennsylvanica,1,0.9905999999999999,FVS FFE,33.1,FVS FFE,4.0,FVS FFE,1.0,FVS FFE
131,Fra_Pro,Fraxinus_profunda,1,0.9397999999999999,FVS FFE,31.5,FVS FFE,4.0,FVS FFE,1.0,FVS FFE
132,Fra_Qua,Fraxinus_quadrangulata,1,0.7619999999999999,FVS FFE,33.1,FVS FFE,4.0,FVS FFE,1.0,FVS FFE
133,Fra_Spp,Fraxinus_spp.,1,1.0668,FVS FFE,33.1,FVS FFE,4.0,FVS FFE,1.0,FVS FFE
134,Gle_Tri,Gleditsia_triacanthos,1,0.9652,FVS FFE,37.4,FVS FFE,2.0,FVS FFE,1.0,FVS FFE
135,Gor_Las,Gordonia_lasianthus,1,0.9652,FVS FFE,34.9,FVS FFE,4.0,FVS FFE,1.0,FVS FFE
136,Gym_Dio,Gymnocladus_dioicus,1,0.7874,FVS FFE,33.1,FVS FFE,4.0,FVS FFE,1.0,FVS FFE
137,Hal_Spp,Halesia_spp.,1,0.9652,FVS FFE,34.9,FVS FFE,4.0,FVS FFE,1.0,FVS FFE
138,Ile_Opa,Ilex_opaca,1,1.0668,FVS FFE,31.8,FVS FFE,3.5,FVS FFE,3.0,FVS FFE
139,Jug_Cin,Juglans_cinerea,1,1.0413999999999999,FVS FFE,22.5,FVS FFE,4.0,FVS FFE,1.0,FVS FFE
140,Jug_Nig,Juglans_nigra,1,1.0413999999999999,FVS FFE,31.8,FVS FFE,2.0,FVS FFE,1.0,FVS FFE
141,Jug_Spp,Juglans_spp.,1,1.0413999999999999,FVS FFE,31.8,FVS FFE,2.0,FVS FFE,1.0,FVS FFE
142,Liq_Sty,Liquidambar_styraciflua,1,0.9143999999999999,FVS FFE,28.7,FVS FFE,4.0,FVS FFE,1.0,FVS FFE
143,Lir_Tul,Liriodendron_tulipifera,1,1.0413999999999999,FVS FFE,24.9,FVS FFE,4.0,FVS FFE,1.0,FVS FFE
144,Lit_Den,Lithocarpus_densiflorus,1,1.3208,FVS FFE,36.2,FVS FFE,4.0,FVS FFE,1.0,FVS FFE
145,Mac_Pom,Maclura_pomifera,1,0.9397999999999999,FVS FFE,28.7,FVS FFE,1.0,FVS FFE,1.0,FVS FFE
146,Mag_Acu,Magnolia_acuminata,1,0.9143999999999999,FVS FFE,27.4,FVS FFE,4.0,FVS FFE,1.0,FVS FFE
147,Mag_Gra,Magnolia_grandiflora,1,0.8382,FVS FFE,28.7,FVS FFE,4.0,FVS FFE,2.0,FVS FFE
148,Mag_Mac,Magnolia_macrophylla,1,0.8382,FVS FFE,27.4,FVS FFE,4.0,FVS FFE,1.0,FVS FFE
149,Mag_Spp,Magnolia_spp.,1,0.9905999999999999,FVS FFE,28.05,FVS FFE,4.0,FVS FFE,1.0,FVS FFE
150,Mag_Vir,Magnolia_virginiana,1,1.016,FVS FFE,27.43333,FVS FFE,4.0,FVS FFE,1.0,FVS FFE
151,Mal_Spp,Malus_spp.,1,1.0921999999999998,FVS FFE,31.54,FVS FFE,2.4,FVS FFE,1.0,FVS FFE
152,Mor_Spp,Morus_spp.,1,0.9016999999999998,FVS FFE,35.85,FVS FFE,1.0,FVS FFE,1.0,FVS FFE
153,Nys_Aqu,Nyssa_aquatica,1,0.7619999999999999,FVS FFE,28.7,FVS FFE,3.0,FVS FFE,1.0,FVS FFE
154,Nys_Bif,Nyssa_biflora,1,0.9397999999999999,FVS FFE,28.7,FVS FFE,2.0,FVS FFE,1.0,FVS FFE
155,Nys_Spp,Nyssa_spp.,1,0.635,FVS FFE,28.7,FVS FFE,2.0,FVS FFE,1.0,FVS FFE
156,Nys_Syl,Nyssa_sylvatica,1,0.9905999999999999,FVS FFE,28.7,FVS FFE,3.0,FVS FFE,1.0,FVS FFE
157,Ost_Vir,Ostrya_virginiana,1,0.9397999999999999,FVS FFE,33.94286,FVS FFE,3.571429,FVS FFE,1.0,FVS FFE
158,Oxy_Arb,Oxydendrum_arboreum,1,0.9143999999999999,FVS FFE,31.6,FVS FFE,4.0,FVS FFE,1.0,FVS FFE
159,Pau_Tom,Paulownia_tomentosa,1,1.27,FVS FFE,28.7,FVS FFE,4.0,FVS FFE,1.0,FVS FFE
160,Per_Bor,Persea_borbonia,1,0.9652,FVS FFE,34.9,FVS FFE,4.0,FVS FFE,1.0,FVS FFE
161,Pla_Occ,Platanus_occidentalis,1,0.8382,FVS FFE,28.7,FVS FFE,4.0,FVS FFE,1.0,FVS FFE
162,Pla_Rac,Platanus_racemosa,1,0.8382,FVS FFE,28.7,FVS FFE,4.0,FVS FFE,1.0,FVS FFE
163,Pop_Bal,Populus_balsamifera,1,1.016,FVS FFE,19.3,FVS FFE,4.0,FVS FFE,1.0,FVS FFE
164,Pop_Del,Populus_deltoides,1,1.016,FVS FFE,23.1,FVS FFE,4.0,FVS FFE,1.0,FVS FFE
165,Pop_Fre,Populus_fremontii,1,NA,NA,NA,NA,NA,NA,NA,NA
166,Pop_Gra,Populus_grandidentata,1,0.9905999999999999,FVS FFE,22.5,FVS FFE,4.0,FVS FFE,1.0,FVS FFE
167,Pop_Het,Populus_heterophylla,1,1.27,FVS FFE,23.1,FVS FFE,4.0,FVS FFE,1.0,FVS FFE
168,Pop_Spp,Populus_spp.,1,1.016,FVS FFE,23.1,FVS FFE,4.0,FVS FFE,1.0,FVS FFE
169,Pop_Tre,Populus_tremuloides,1,1.1176,FVS FFE,21.8,FVS FFE,4.0,FVS FFE,1.0,FVS FFE
170,Pop_Tri,Populus_trichocarpa,1,1.1176,FVS FFE,19.3,FVS FFE,4.0,FVS FFE,1.0,FVS FFE
171,Pru_Ema,Prunus_emarginata,1,1.5748,FVS FFE,29.3,FVS FFE,2.0,FVS FFE,1.0,FVS FFE
172,Pru_Pen,Prunus_pensylvanica,1,1.1429999999999998,FVS FFE,29.3,FVS FFE,2.0,FVS FFE,1.0,FVS FFE
173,Pru_Ser,Prunus_serotina,1,0.7619999999999999,FVS FFE,29.3,FVS FFE,2.0,FVS FFE,1.0,FVS FFE
174,Pru_Spp,Prunus_spp.,1,1.27,FVS FFE,29.3,FVS FFE,2.0,FVS FFE,1.0,FVS FFE
175,Pru_Vir,Prunus_virginiana,1,NA,NA,29.3,FVS FFE,2.0,FVS FFE,1.0,FVS FFE
176,Que_Agr,Quercus_agrifolia,1,1.27,FVS FFE,49.9,FVS FFE,2.0,FVS FFE,1.0,FVS FFE
177,Que_Alb,Quercus_alba,1,1.016,FVS FFE,37.4,FVS FFE,2.0,FVS FFE,1.0,FVS FFE
178,Que_Bic,Quercus_bicolor,1,1.1429999999999998,FVS FFE,39.9,FVS FFE,2.0,FVS FFE,1.0,FVS FFE
179,Que_Chr,Quercus_chrysolepsis,1,0.6096,FVS FFE,49.9,FVS FFE,2.0,FVS FFE,1.0,FVS FFE
180,Que_Coc,Quercus_coccinea,1,1.016,FVS FFE,37.4,FVS FFE,2.5,FVS FFE,1.0,FVS FFE
181,Que_Dou,Quercus_douglasii,1,0.8382,FVS FFE,37.4,FVS FFE,2.0,FVS FFE,1.0,FVS FFE
182,Que_Ell,Quercus_ellipsoidalis,1,NA,NA,36.2,FVS FFE,2.0,FVS FFE,1.0,FVS FFE
183,Que_Eng,Quercus_engelmanni,1,1.4986,FVS FFE,37.4,FVS FFE,2.0,FVS FFE,1.0,FVS FFE
184,Que_Fal,Quercus_falcata,1,1.1176,FVS FFE,35.2,FVS FFE,2.5,FVS FFE,1.0,FVS FFE
185,Que_Gar,Quercus_garryana,1,0.7366,FVS FFE,37.4,FVS FFE,2.0,FVS FFE,1.0,FVS FFE
186,Que_Imb,Quercus_imbricaria,1,1.0413999999999999,FVS FFE,34.9,FVS FFE,2.0,FVS FFE,1.0,FVS FFE
187,Que_Kel,Quercus_kelloggii,1,0.7619999999999999,FVS FFE,34.9,FVS FFE,2.0,FVS FFE,1.0,FVS FFE
188,Que_Lae,Quercus_laevis,1,0.9397999999999999,FVS FFE,34.9,FVS FFE,3.0,FVS FFE,1.0,FVS FFE
189,Que_Lau,Quercus_laurifolia,1,0.9143999999999999,FVS FFE,34.9,FVS FFE,3.0,FVS FFE,1.0,FVS FFE
190,Que_Lob,Quercus_lobata,1,1.0921999999999998,FVS FFE,37.4,FVS FFE,2.0,FVS FFE,1.0,FVS FFE
191,Que_Lyr,Quercus_lyrata,1,0.9905999999999999,FVS FFE,35.6,FVS FFE,3.0,FVS FFE,1.0,FVS FFE
192,Que_Mac,Quercus_macrocarpa,1,1.0668,FVS FFE,36.2,FVS FFE,2.0,FVS FFE,1.0,FVS FFE
193,Que_Mar,Quercus_marilandica,1,0.9397999999999999,FVS FFE,34.9,FVS FFE,2.0,FVS FFE,1.0,FVS FFE
194,Que_Mar,Quercus_marilandica,1,0.9397999999999999,FVS FFE,34.9,FVS FFE,2.0,FVS FFE,1.0,FVS FFE
195,Que_Mic,Quercus_michauxii,1,1.1683999999999999,FVS FFE,37.4,FVS FFE,2.5,FVS FFE,1.0,FVS FFE
196,Que_Mue,Quercus_muehlenbergii,1,1.0668,FVS FFE,37.4,FVS FFE,2.0,FVS FFE,1.0,FVS FFE
197,Que_Nig,Quercus_nigra,1,0.9143999999999999,FVS FFE,34.9,FVS FFE,2.0,FVS FFE,1.0,FVS FFE
198,Que_Nut,Quercus_nutallii,1,0.7619999999999999,FVS FFE,34.9,FVS FFE,3.0,FVS FFE,1.0,FVS FFE
199,Que_Pag,Quercus_pagoda,1,1.1176,FVS FFE,38.0,FVS FFE,2.5,FVS FFE,1.0,FVS FFE
200,Que_Pal,Quercus_palustris,1,1.0413999999999999,FVS FFE,36.2,FVS FFE,2.5,FVS FFE,1.0,FVS FFE
201,Que_Phe,Quercus_phellos,1,1.0413999999999999,FVS FFE,34.9,FVS FFE,2.0,FVS FFE,1.0,FVS FFE
202,Que_Rub,Quercus_rubra,1,1.0668,FVS FFE,34.9,FVS FFE,2.333333,FVS FFE,1.0,FVS FFE
203,Que_Shu,Quercus_shumardii,1,0.9397999999999999,FVS FFE,34.9,FVS FFE,3.0,FVS FFE,1.0,FVS FFE
204,Que_Spp,Quercus_spp.,1,1.1429999999999998,FVS FFE,37.4,FVS FFE,2.0,FVS FFE,1.0,FVS FFE
205,Que_Ste,Quercus_stellata,1,1.1176,FVS FFE,37.4,FVS FFE,2.0,FVS FFE,1.0,FVS FFE
206,Que_Vel,Quercus_velutina,1,1.1429999999999998,FVS FFE,34.9,FVS FFE,2.333333,FVS FFE,1.0,FVS FFE
207,Que_Vir,Quercus_virginiana,1,1.0921999999999998,FVS FFE,49.9,FVS FFE,2.0,FVS FFE,1.0,FVS FFE
208,Que_Wis,Quercus_wislizenii,1,0.8636,FVS FFE,49.9,FVS FFE,2.0,FVS FFE,NA,NA
209,Rob_Pse,Robinia_pseudoacacia,1,1.2446,FVS FFE,41.2,FVS FFE,1.0,FVS FFE,1.0,FVS FFE
210,Sal_Eri,Salix_eriocephala,1,NA,NA,22.5,FVS FFE,4.0,FVS FFE,1.0,FVS FFE
211,Sal_Nig,Salix_nigra,1,1.016,FVS FFE,22.5,FVS FFE,4.0,FVS FFE,1.0,FVS FFE
212,Sal_Spp,Salix_spp.,1,1.0287,FVS FFE,22.5,FVS FFE,4.0,FVS FFE,1.0,FVS FFE
213,Sas_Alb,Sassafras_albidum,1,0.889,FVS FFE,26.2,FVS FFE,2.0,FVS FFE,1.0,FVS FFE
214,Sor_Ame,Sorbus_americana,1,0.9905999999999999,FVS FFE,20.0,FVS FFE,4.0,FVS FFE,1.0,FVS FFE
215,Til_Ame,Tilia_americana,1,0.9905999999999999,FVS FFE,20.0,FVS FFE,4.0,FVS FFE,1.0,FVS FFE
216,Til_Het,Tilia_heterophylla,1,1.27,FVS FFE,20.0,FVS FFE,4.0,FVS FFE,1.0,FVS FFE
217,Til_Spp,Tilia_spp.,1,0.9652,FVS FFE,20.0,FVS FFE,4.0,FVS FFE,1.0,FVS FFE
218,Ulm_Ala,Ulmus_alata,1,0.7874,FVS FFE,33.05,FVS FFE,4.0,FVS FFE,1.0,FVS FFE
219,Ulm_Ame,Ulmus_americana,1,0.7874,FVS FFE,28.7,FVS FFE,4.0,FVS FFE,1.0,FVS FFE
220,Ulm_Pum,Ulmus_pumilia,1,0.9652,FVS FFE,28.7,FVS FFE,4.0,FVS FFE,1.0,FVS FFE
221,Ulm_Rub,Ulmus_rubra,1,0.8128,FVS FFE,29.9,FVS FFE,4.0,FVS FFE,1.0,FVS FFE
222,Ulm_Spp,Ulmus_spp.,1,0.9905999999999999,FVS FFE,28.7,FVS FFE,4.0,FVS FFE,1.0,FVS FFE
223,Ulm_Tho,Ulmus_thomasii,1,0.8382,FVS FFE,35.6,FVS FFE,4.0,FVS FFE,1.0,FVS FFE
224,Umb_Cal,Umbellularia_californica,1,0.6604,FVS FFE,36.2,FVS FFE,2.0,FVS FFE,1.0,FVS FFE
225,Abi_Fra,Abies_fraseri,0,NA,NA,NA,NA,NA,NA,NA,NA
226,Abi_Sha,Abies_shastensis,0,NA,NA,NA,NA,NA,NA,NA,NA
227,Aca_Far,Acacia_farnesiana,0,NA,NA,NA,NA,NA,NA,NA,NA
228,Ace_Leu,Acer_leucoderme,0,NA,NA,NA,NA,NA,NA,NA,NA
229,Ace_Pla,Acer_platanoides,0,NA,NA,NA,NA,NA,NA,NA,NA
230,Ace_Spi,Acer_spicatum,0,NA,NA,NA,NA,NA,NA,NA,NA
231,Aes_Fla,Aesculus_flava,0,NA,NA,NA,NA,NA,NA,NA,NA
232,Aes_Syl,Aesculus_sylvatica,0,NA,NA,NA,NA,NA,NA,NA,NA
233,Alb_Jul,Albizia_julibrissin,0,NA,NA,NA,NA,NA,NA,NA,NA
234,Aln_Glu,Alnus_glutinosa,0,NA,NA,NA,NA,NA,NA,NA,NA
235,Aln_Spp,Alnus_spp.,0,NA,NA,NA,NA,NA,NA,NA,NA
236,Ame_Arb,Amelanchier_arborea,0,NA,NA,NA,NA,NA,NA,NA,NA
237,Ame_San,Amelanchier_sanguinea,0,NA,NA,NA,NA,NA,NA,NA,NA
238,Ann_Gla,Annona_glabra,0,NA,NA,NA,NA,NA,NA,NA,NA
239,Arb_Xal,Arbutus_xalapensis,0,NA,NA,NA,NA,NA,NA,NA,NA
240,Asi_Tri,Asimina_triloba,0,NA,NA,NA,NA,NA,NA,NA,NA
241,Avi_Ger,Avicennia_germinans,0,NA,NA,NA,NA,NA,NA,NA,NA
242,Bur_Sim,Bursera_simaruba,0,NA,NA,NA,NA,NA,NA,NA,NA
243,Car_Myr,Carya_myristiciformis,0,NA,NA,NA,NA,NA,NA,NA,NA
244,Car_Pal,Carya_pallida,0,NA,NA,NA,NA,NA,NA,NA,NA
245,Cas_Lep,Casuarina_lepidophloia,0,NA,NA,NA,NA,NA,NA,NA,NA
246,Cas_Mol,Castanea_mollissima,0,NA,NA,NA,NA,NA,NA,NA,NA
247,Cas_Pum,Castanea_pumila,0,NA,NA,NA,NA,NA,NA,NA,NA
248,Cas_Spp,Castanea_spp.,0,NA,NA,NA,NA,NA,NA,NA,NA
249,Cat_Big,Catalpa_bignonioides,0,NA,NA,NA,NA,NA,NA,NA,NA
250,Cat_Spe,Catalpa_speciosa,0,NA,NA,NA,NA,NA,NA,NA,NA
251,Cha_Thy,Chamaecyparis_thyoides,0,NA,NA,NA,NA,NA,NA,NA,NA
252,Cin_Cam,Cinnamomum_camphora,0,NA,NA,NA,NA,NA,NA,NA,NA
253,Cit_Spp,Citrus_spp.,0,NA,NA,NA,NA,NA,NA,NA,NA
254,Cla_Ken,Cladrastis_kentukea,0,NA,NA,NA,NA,NA,NA,NA,NA
255,Con_Ere,Conocarpus_erectus,0,NA,NA,NA,NA,NA,NA,NA,NA
256,Con_Hoo,Condalia_hookeri,0,NA,NA,NA,NA,NA,NA,NA,NA
257,Cot_Obo,Cotinus_obovatus,0,NA,NA,NA,NA,NA,NA,NA,NA
258,Cra_Cru,Crataegus_crus-galli,0,NA,NA,NA,NA,NA,NA,NA,NA
259,Cra_Mol,Crataegus_mollis,0,NA,NA,NA,NA,NA,NA,NA,NA
260,Dio_Spp,Diospyros_spp.,0,NA,NA,NA,NA,NA,NA,NA,NA
261,Dio_Tex,Diospyros_texana,0,NA,NA,NA,NA,NA,NA,NA,NA
262,Dio_Vir,Diospyros_virginiana,0,NA,NA,NA,NA,NA,NA,NA,NA
263,Ehr_Ana,Ehretia_anacua,0,NA,NA,NA,NA,NA,NA,NA,NA
264,Ela_Ang,Elaeagnus_angustifolia,0,NA,NA,NA,NA,NA,NA,NA,NA
265,Euc_Gra,Eucalyptus_grandis,0,NA,NA,NA,NA,NA,NA,NA,NA
266,Euc_Spp,Eucalyptus_spp.,0,NA,NA,NA,NA,NA,NA,NA,NA
267,Eug_Rho,Eugenia_rhombea,0,NA,NA,NA,NA,NA,NA,NA,NA
268,Fic_Aur,Ficus_aurea,0,NA,NA,NA,NA,NA,NA,NA,NA
269,Fra_Car,Fraxinus_caroliniana,0,NA,NA,NA,NA,NA,NA,NA,NA
270,Fra_Tex,Fraxinus_texensis,0,NA,NA,NA,NA,NA,NA,NA,NA
271,Gin_Bil,Ginkgo_biloba,0,NA,NA,NA,NA,NA,NA,NA,NA
272,Gle_Aqu,Gleditsia_aquatica,0,NA,NA,NA,NA,NA,NA,NA,NA
273,Gle_Spp,Gleditsia_spp.,0,NA,NA,NA,NA,NA,NA,NA,NA
274,Hal_Car,Halesia_carolina,0,NA,NA,NA,NA,NA,NA,NA,NA
275,Hal_Dip,Halesia_diptera,0,NA,NA,NA,NA,NA,NA,NA,NA
276,Jug_Maj,Juglans_major,0,NA,NA,NA,NA,NA,NA,NA,NA
277,Jug_Mic,Juglans_microcarpa,0,NA,NA,NA,NA,NA,NA,NA,NA
278,Jun_Ash,Juniperus_ashei,0,NA,NA,NA,NA,NA,NA,NA,NA
279,Jun_Coa,Juniperus_coahuilensis,0,NA,NA,NA,NA,NA,NA,NA,NA
280,Jun_Dep,Juniperus_deppeana,0,NA,NA,NA,NA,NA,NA,NA,NA
281,Jun_Fla,Juniperus_flaccida,0,NA,NA,NA,NA,NA,NA,NA,NA
282,Jun_Mon,Juniperus_monosperma,0,NA,NA,NA,NA,NA,NA,NA,NA
283,Jun_Ost,Juniperus_osteosperma,0,NA,NA,NA,NA,NA,NA,NA,NA
284,Jun_Pin,Juniperus_pinchotii,0,NA,NA,NA,NA,NA,NA,NA,NA
285,Lag_Rac,Laguncularia_racemosa,0,NA,NA,NA,NA,NA,NA,NA,NA
286,Lar_Spp,Larix_spp.,0,NA,NA,NA,NA,NA,NA,NA,NA
287,Mag_Fra,Magnolia_fraseri,0,NA,NA,NA,NA,NA,NA,NA,NA
288,Mag_Tri,Magnolia_tripetala,0,NA,NA,NA,NA,NA,NA,NA,NA
289,Mal_Ang,Malus_angustifolia,0,NA,NA,NA,NA,NA,NA,NA,NA
290,Mal_Cor,Malus_coronaria,0,NA,NA,NA,NA,NA,NA,NA,NA
291,Mal_Fus,Malus_fusca,0,NA,NA,NA,NA,NA,NA,NA,NA
292,Mal_Ioe,Malus_ioensis,0,NA,NA,NA,NA,NA,NA,NA,NA
293,Mel_Aze,Melia_azedarach,0,NA,NA,NA,NA,NA,NA,NA,NA
294,Mel_Qui,Melaleuca_quinquenervia,0,NA,NA,NA,NA,NA,NA,NA,NA
295,Met_Tox,Metopium_toxiferum,0,NA,NA,NA,NA,NA,NA,NA,NA
296,Mor_Alb,Morus_alba,0,NA,NA,NA,NA,NA,NA,NA,NA
297,Mor_Mic,Morus_microphylla,0,NA,NA,NA,NA,NA,NA,NA,NA
298,Mor_Rub,Morus_rubra,0,NA,NA,NA,NA,NA,NA,NA,NA
299,Nys_Oge,Nyssa_ogeche,0,NA,NA,NA,NA,NA,NA,NA,NA
300,Per_Spp,Persea_spp.,0,NA,NA,NA,NA,NA,NA,NA,NA
301,Pic_Pun,Picea_pungens,0,NA,NA,NA,NA,NA,NA,NA,NA
302,Pin_Cem,Pinus_cembroides,0,NA,NA,NA,NA,NA,NA,NA,NA
303,Pin_Mon1,Pinus_monophylla,0,NA,NA,NA,NA,NA,NA,NA,NA
304,Pin_Nig,Pinus_nigra,0,NA,NA,NA,NA,NA,NA,NA,NA
305,Pin_Rem,Pinus_remota,0,NA,NA,NA,NA,NA,NA,NA,NA
306,Pis_Pis,Piscidia_piscipula,0,NA,NA,NA,NA,NA,NA,NA,NA
307,Pla_Aqu,Planera_aquatica,0,NA,NA,NA,NA,NA,NA,NA,NA
308,Pla_Spp,Platanus_spp.,0,NA,NA,NA,NA,NA,NA,NA,NA
309,Pop_Alb,Populus_alba,0,NA,NA,NA,NA,NA,NA,NA,NA
310,Pop_Nig,Populus_nigra,0,NA,NA,NA,NA,NA,NA,NA,NA
311,Pro_Gla,Prosopis_glandulosa,0,NA,NA,NA,NA,NA,NA,NA,NA
312,Pro_Pub,Prosopis_pubescens,0,NA,NA,NA,NA,NA,NA,NA,NA
313,Pro_Spp,Prosopis_spp.,0,NA,NA,NA,NA,NA,NA,NA,NA
314,Pru_Ame,Prunus_americana,0,NA,NA,NA,NA,NA,NA,NA,NA
315,Pru_Avi,Prunus_avium,0,NA,NA,NA,NA,NA,NA,NA,NA
316,Pru_Nig,Prunus_nigra,0,NA,NA,NA,NA,NA,NA,NA,NA
317,Pru_Per,Prunus_persica,0,NA,NA,NA,NA,NA,NA,NA,NA
318,Que_Emo,Quercus_emoryi,0,NA,NA,NA,NA,NA,NA,NA,NA
319,Que_Gam,Quercus_gambelii,0,NA,NA,NA,NA,NA,NA,NA,NA
320,Que_Gri,Quercus_grisea,0,NA,NA,NA,NA,NA,NA,NA,NA
321,Que_Hyp,Quercus_hypoleucoides,0,NA,NA,NA,NA,NA,NA,NA,NA
322,Que_Ili,Quercus_ilicifolia,0,NA,NA,NA,NA,NA,NA,NA,NA
323,Que_Inc,Quercus_incana,0,NA,NA,NA,NA,NA,NA,NA,NA
324,Que_Min,Quercus_minima,0,NA,NA,NA,NA,NA,NA,NA,NA
325,Que_Ogl,Quercus_oglethorpensis,0,NA,NA,NA,NA,NA,NA,NA,NA
326,Que_Pri,Quercus_prinus,0,NA,NA,NA,NA,NA,NA,NA,NA
327,Que_Sim,Quercus_similis,0,NA,NA,NA,NA,NA,NA,NA,NA
328,Que_Sin,Quercus_sinuata,0,NA,NA,NA,NA,NA,NA,NA,NA
329,Que_Tex,Quercus_texana,0,NA,NA,NA,NA,NA,NA,NA,NA
330,Rhi_Man,Rhizophora_mangle,0,NA,NA,NA,NA,NA,NA,NA,NA
331,Roy_Spp,Roystonea_spp.,0,NA,NA,NA,NA,NA,NA,NA,NA
332,Sab_Pal,Sabal_palmetto,0,NA,NA,NA,NA,NA,NA,NA,NA
333,Sal_Alb,Salix_alba,0,NA,NA,NA,NA,NA,NA,NA,NA
334,Sal_Amy,Salix_amygdaloides,0,NA,NA,NA,NA,NA,NA,NA,NA
335,Sal_Beb,Salix_bebbiana,0,NA,NA,NA,NA,NA,NA,NA,NA
336,Sal_Car,Salix_caroliniana,0,NA,NA,NA,NA,NA,NA,NA,NA
337,Sal_Sep,Salix_sepulcralis,0,NA,NA,NA,NA,NA,NA,NA,NA
338,Sap_Sap,Sapindus_saponaria,0,NA,NA,NA,NA,NA,NA,NA,NA
339,Sid_Lan,Sideroxylon_lanuginosum,0,NA,NA,NA,NA,NA,NA,NA,NA
340,Sor_Auc,Sorbus_aucuparia,0,NA,NA,NA,NA,NA,NA,NA,NA
341,Syz_Cum,Syzygium_cumini,0,NA,NA,NA,NA,NA,NA,NA,NA
342,Tam_Spp,Tamarix_spp.,0,NA,NA,NA,NA,NA,NA,NA,NA
343,Tax_Asc,Taxodium_ascendens,0,NA,NA,NA,NA,NA,NA,NA,NA
344,Thr_Mor,Thrinax_morrisii,0,NA,NA,NA,NA,NA,NA,NA,NA
345,Tre_Bro,Tree_broadleaf,0,NA,NA,NA,NA,NA,NA,NA,NA
346,Tre_Eve,Tree_evergreen,0,NA,NA,NA,NA,NA,NA,NA,NA
347,Tre_Unk,Tree_unknown,0,NA,NA,NA,NA,NA,NA,NA,NA
348,Tri_Seb,Triadica_sebifera,0,NA,NA,NA,NA,NA,NA,NA,NA
349,Tsu_Car,Tsuga_caroliniana,0,NA,NA,NA,NA,NA,NA,NA,NA
350,Ulm_Cra,Ulmus_crassifolia,0,NA,NA,NA,NA,NA,NA,NA,NA
351,Ulm_Ser,Ulmus_serotina,0,NA,NA,NA,NA,NA,NA,NA,NA
352,Ver_For,Vernicia_fordii,0,NA,NA,NA,NA,NA,NA,NA,NA
