Scientific_Name,ID,Code,CA_ID,CodeNum,Generic,Subsp,Western,California,Gymno,In.FFE,Bark.Thickness.25.4,Bark.Thickness.Source,Wood.density,Wood.density.Source,Decay.class,Decay.class.Source,Leaf.longevity,Leaf.longevity.Source,Leaf.area,Leaf.area.Source,Leaf.CN,Leaf.CN.Source,Leaf.length,Leaf.length.Source,Leaf.lifespan,Leaf.lifespan.Source,Leaf.N,Leaf.N.Source,Leaf.NP,Leaf.NP.Source,Leaf.thickness,Leaf.thickness.Source,Leaf.width,Leaf.width.Source,Plant.height,Plant.height.Source,Plant.lifespan,Plant.lifespan.Source,Seed.dry.mass,Seed.dry.mass.Source,SLA,SLA.Source,SSD,SSD.Source,Stem.diameter,Stem.diameter.Source,Serotiny,Serotiny.Source,Self.pruning,Self.pruning.Source,Flame_duration,Flame_duration.Source,Flame_ht,Flame_ht.Source,Pct_consumed,Pct_consumed.Source,Smolder_duration,Smolder_duration.Source
Abies_amabilis,1,Abi_Ama,1,11,0,0.0,1,1,1,1,1.1938,FVS FFE,24.9,FVS FFE,4.0,FVS FFE,7.0,FVS FFE,NA,NA,NA,NA,NA,NA,NA,NA,12.0,TRY,NA,NA,NA,NA,0.2,TRY,51.27,TRY,497.5,TRY,39.7,TRY,345.713333,TRY,0.42,TRY,0.22680882,TRY,1,FEIS,5,FEIS,79.8,Fonda et al. 1998 Northwest Sci,38.4,Fonda et al. 1998 Northwest Sci,32.0,Fonda et al. 1998 Northwest Sci,84.8,Fonda et al. 1998 Northwest Sci
Abies_balsamea,2,Abi_Bal,NA,12,0,0.0,0,0,1,1,0.7874,FVS FFE,20.6,FVS FFE,4.0,FVS FFE,8.0,FVS FFE,NA,NA,NA,NA,NA,NA,NA,NA,10.166667,TRY,7.777778,TRY,NA,NA,0.175,TRY,19.64,TRY,200.0,TRY,8.9,TRY,6.0,TRY,0.41,TRY,0.45333333,TRY,1,FEIS,NA,NA,NA,NA,NA,NA,NA,NA,NA,NA
Abies_concolor,3,Abi_Con,2,15,0,0.0,1,1,1,1,1.2192,FVS FFE,23.1,FVS FFE,4.0,FVS FFE,7.0,FVS FFE,100.05,TRY,NA,NA,41.8475,TRY,NA,NA,NA,NA,NA,NA,0.5965,TRY,0.2076364,TRY,46.307692,TRY,320.0,TRY,36.2,TRY,7.089218,TRY,0.4,TRY,0.975,TRY,1,FEIS,4,FEIS,NA,NA,NA,NA,NA,NA,NA,NA
Abies_fraseri,225,Abi_Fra,NA,16,NA,NA,NA,NA,NA,0,NA,NA,NA,NA,NA,NA,NA,NA,NA,NA,NA,NA,NA,NA,NA,NA,NA,NA,NA,NA,NA,NA,NA,NA,NA,NA,NA,NA,NA,NA,NA,NA,NA,NA,NA,NA,NA,NA,NA,NA,NA,NA,NA,NA,NA,NA,NA,NA
Abies_grandis,4,Abi_Gra,3,17,0,0.0,1,1,1,1,1.1683999999999999,FVS FFE,21.8,FVS FFE,4.0,FVS FFE,7.0,FVS FFE,150.0,TRY,NA,NA,NA,NA,36.0,TRY,14.8,TRY,13.272727,TRY,NA,NA,2.75,TRY,59.425,TRY,297.14286,TRY,24.7,TRY,11.725,TRY,0.42,TRY,1.02,TRY,1,FEIS,4,FEIS,NA,NA,NA,NA,NA,NA,NA,NA
Abies_lasiocarpa,5,Abi_Las,4,19,0,0.0,1,1,1,1,1.0413999999999999,FVS FFE,19.3,FVS FFE,4.0,FVS FFE,7.0,FVS FFE,NA,NA,NA,NA,NA,NA,96.0,TRY,10.3,TRY,NA,NA,NA,NA,0.175,TRY,27.410506,TRY,262.5,TRY,8.02,TRY,3.93,TRY,0.32,TRY,0.55,TRY,1,FEIS,2,FEIS,79.8,Fonda et al. 1998 Northwest Sci,16.7,Fonda et al. 1998 Northwest Sci,25.6,Fonda et al. 1998 Northwest Sci,91.8,Fonda et al. 1998 Northwest Sci
Abies_magnifica,6,Abi_Mag,5,20,0,0.5,1,1,1,1,0.9905999999999999,FVS FFE,22.5,FVS FFE,4.0,FVS FFE,7.0,FVS FFE,NA,NA,NA,NA,NA,NA,NA,NA,NA,NA,NA,NA,NA,NA,0.2,TRY,46.785714,TRY,385.0,TRY,118.0,TRY,NA,NA,0.42,TRY,0.76,TRY,1,FEIS,5,FEIS,NA,NA,NA,NA,NA,NA,NA,NA
Abies_magnifica_magnifica,7,Abi_Mag_mag,6,NA,0,1.0,1,NA,1,1,0.9905999999999999,FVS FFE,22.5,FVS FFE,4.0,FVS FFE,7.0,FVS FFE,NA,NA,NA,NA,NA,NA,NA,NA,NA,NA,NA,NA,NA,NA,NA,NA,NA,NA,NA,NA,NA,NA,NA,NA,NA,NA,NA,NA,NA,NA,NA,NA,NA,NA,NA,NA,NA,NA,NA,NA
Abies_magnifica_shastensis,8,Abi_Mag_sha,7,NA,0,1.0,1,NA,1,1,0.9905999999999999,FVS FFE,22.5,FVS FFE,4.0,FVS FFE,7.0,FVS FFE,NA,NA,NA,NA,NA,NA,NA,NA,NA,NA,NA,NA,NA,NA,NA,NA,NA,NA,NA,NA,NA,NA,NA,NA,NA,NA,NA,NA,NA,NA,NA,NA,NA,NA,NA,NA,NA,NA,NA,NA
Abies_procera,9,Abi_Pro,8,22,0,0.0,1,1,1,1,1.1429999999999998,FVS FFE,23.1,FVS FFE,4.0,FVS FFE,7.0,FVS FFE,NA,NA,NA,NA,NA,NA,NA,NA,NA,NA,NA,NA,NA,NA,0.175,TRY,55.1228,TRY,566.66667,TRY,32.4,TRY,17.26,TRY,0.4,TRY,0.99,TRY,1,FEIS,5,FEIS,NA,NA,NA,NA,NA,NA,NA,NA
Abies_shastensis,226,Abi_Sha,NA,21,NA,NA,NA,NA,NA,0,NA,NA,NA,NA,NA,NA,NA,NA,NA,NA,NA,NA,NA,NA,NA,NA,NA,NA,NA,NA,NA,NA,NA,NA,NA,NA,NA,NA,NA,NA,NA,NA,NA,NA,NA,NA,NA,NA,NA,NA,NA,NA,NA,NA,NA,NA,NA,NA
Abies_spp.,10,Abi_Spp,NA,10,1,NA,NA,NA,1,1,1.3208,FVS FFE,20.6,FVS FFE,4.0,FVS FFE,8.0,FVS FFE,NA,NA,NA,NA,NA,NA,NA,NA,NA,NA,NA,NA,NA,NA,NA,NA,NA,NA,NA,NA,NA,NA,NA,NA,NA,NA,NA,NA,0,FEIS,NA,NA,NA,NA,NA,NA,NA,NA,NA,NA
Acacia_farnesiana,227,Aca_Far,NA,303,NA,NA,NA,NA,NA,0,NA,NA,NA,NA,NA,NA,NA,NA,NA,NA,NA,NA,NA,NA,NA,NA,NA,NA,NA,NA,NA,NA,NA,NA,NA,NA,NA,NA,NA,NA,NA,NA,NA,NA,NA,NA,NA,NA,NA,NA,NA,NA,NA,NA,NA,NA,NA,NA
Acer_barbatum,77,Ace_Bar,NA,311,0,0.0,0,0,0,1,0.7366,FVS FFE,34.9,FVS FFE,4.0,FVS FFE,1.0,FVS FFE,3382.54167,TRY,NA,NA,70.28333,TRY,NA,NA,NA,NA,NA,NA,NA,NA,8.7341667,TRY,13.15,TRY,NA,NA,NA,NA,25.804058,TRY,NA,NA,NA,NA,NA,NA,NA,NA,NA,NA,NA,NA,NA,NA,NA,NA
Acer_glabrum,78,Ace_Gla,NA,321,0,0.0,1,1,0,1,1.016,FVS FFE,NA,NA,4.0,FVS FFE,1.0,FVS FFE,NA,NA,NA,NA,NA,NA,NA,NA,NA,NA,NA,NA,NA,NA,10.5,TRY,9.133333,TRY,NA,NA,NA,NA,NA,NA,NA,NA,NA,NA,NA,NA,NA,NA,NA,NA,NA,NA,NA,NA,NA,NA
Acer_leucoderme,228,Ace_Leu,NA,323,NA,NA,NA,NA,NA,0,NA,NA,NA,NA,NA,NA,NA,NA,NA,NA,NA,NA,NA,NA,NA,NA,NA,NA,NA,NA,NA,NA,NA,NA,NA,NA,NA,NA,NA,NA,NA,NA,NA,NA,NA,NA,NA,NA,NA,NA,NA,NA,NA,NA,NA,NA,NA,NA
Acer_macrophyllum,79,Ace_Mac,NA,312,0,0.0,1,1,0,1,0.6096,FVS FFE,27.4,FVS FFE,4.0,FVS FFE,1.0,FVS FFE,14953.0,TRY,NA,NA,NA,NA,NA,NA,26.4,TRY,NA,NA,NA,NA,25.0,TRY,23.407692,TRY,200.0,TRY,134.0,TRY,29.548,TRY,0.47,TRY,NA,NA,NA,NA,NA,NA,NA,NA,NA,NA,NA,NA,NA,NA
Acer_negundo,80,Ace_Neg,NA,313,0,0.0,0,0,0,1,0.8636,FVS FFE,29.03333,FVS FFE,4.0,FVS FFE,1.0,FVS FFE,9437.8125,TRY,NA,NA,173.8,TRY,NA,NA,29.5,TRY,NA,NA,NA,NA,17.33,TRY,10.576923,TRY,87.0,TRY,38.6,TRY,25.026293,TRY,0.5205,TRY,0.60666667,TRY,NA,NA,NA,NA,NA,NA,NA,NA,NA,NA,NA,NA
Acer_nigrum,81,Ace_Nig,NA,314,0,0.0,0,0,0,1,0.889,FVS FFE,32.4,FVS FFE,4.0,FVS FFE,1.0,FVS FFE,NA,NA,NA,NA,NA,NA,NA,NA,NA,NA,NA,NA,NA,NA,12.5,TRY,26.666667,TRY,200.0,TRY,86.4,TRY,NA,NA,0.62,TRY,NA,NA,NA,NA,NA,NA,NA,NA,NA,NA,NA,NA,NA,NA
Acer_pensylvanicum,82,Ace_Pen,NA,315,0,0.0,0,0,0,1,1.1429999999999998,FVS FFE,30.6,FVS FFE,4.0,FVS FFE,1.0,FVS FFE,NA,NA,NA,NA,NA,NA,NA,NA,NA,NA,NA,NA,NA,NA,15.0,TRY,10.07625,TRY,100.0,TRY,38.9,TRY,35.540898,TRY,0.44,TRY,0.2,TRY,NA,NA,NA,NA,NA,NA,NA,NA,NA,NA,NA,NA
Acer_platanoides,229,Ace_Pla,NA,320,NA,NA,NA,NA,NA,0,NA,NA,NA,NA,NA,NA,NA,NA,NA,NA,NA,NA,NA,NA,NA,NA,NA,NA,NA,NA,NA,NA,NA,NA,NA,NA,NA,NA,NA,NA,NA,NA,NA,NA,NA,NA,NA,NA,NA,NA,NA,NA,NA,NA,NA,NA,NA,NA
Acer_rubrum,83,Ace_Rub,NA,316,0,0.0,0,0,0,1,0.7111999999999999,FVS FFE,30.6,FVS FFE,4.0,FVS FFE,1.0,FVS FFE,4001.23077,TRY,24.7,TRY,78.05833,TRY,5.35,TRY,14.982603,TRY,12.681499,TRY,0.1861538,TRY,7.756875,TRY,14.057692,TRY,150.0,TRY,19.8,TRY,20.074051,TRY,0.55,TRY,0.28384496,TRY,NA,NA,NA,NA,NA,NA,NA,NA,NA,NA,NA,NA
Acer_saccharinum,84,Ace_Sac2,NA,317,0,0.0,0,0,0,1,0.7874,FVS FFE,27.4,FVS FFE,4.0,FVS FFE,1.0,FVS FFE,NA,NA,NA,NA,NA,NA,NA,NA,23.66667,TRY,7.1,TRY,NA,NA,10.5,TRY,33.190909,TRY,128.33333,TRY,253.0,TRY,25.405742,TRY,0.51,TRY,0.9,TRY,NA,NA,NA,NA,NA,NA,NA,NA,NA,NA,NA,NA
Acer_saccharum,85,Ace_Sac3,NA,318,0,0.0,0,0,0,1,0.8382,FVS FFE,34.9,FVS FFE,4.0,FVS FFE,1.0,FVS FFE,4160.3622,TRY,27.85,TRY,72.86415,TRY,5.5,TRY,16.107292,TRY,9.453125,TRY,0.0975,TRY,8.5406636,TRY,22.879368,TRY,360.0,TRY,80.5,TRY,22.625246,TRY,0.68,TRY,0.50508638,TRY,NA,NA,NA,NA,NA,NA,NA,NA,NA,NA,NA,NA
Acer_spicatum,230,Ace_Spi,NA,319,NA,NA,NA,NA,NA,0,NA,NA,NA,NA,NA,NA,NA,NA,NA,NA,NA,NA,NA,NA,NA,NA,NA,NA,NA,NA,NA,NA,NA,NA,NA,NA,NA,NA,NA,NA,NA,NA,NA,NA,NA,NA,NA,NA,NA,NA,NA,NA,NA,NA,NA,NA,NA,NA
Acer_spp.,86,Ace_Spp,NA,310,1,NA,NA,NA,0,1,NA,NA,30.6,FVS FFE,4.0,FVS FFE,1.0,FVS FFE,NA,NA,NA,NA,NA,NA,NA,NA,NA,NA,NA,NA,NA,NA,NA,NA,NA,NA,NA,NA,NA,NA,NA,NA,NA,NA,NA,NA,NA,NA,NA,NA,NA,NA,NA,NA,NA,NA,NA,NA
Aesculus_californica,87,Aes_Cal,NA,333,0,0.0,1,1,0,1,0.9143999999999999,FVS FFE,37.4,FVS FFE,4.0,FVS FFE,1.0,FVS FFE,1947.0,TRY,NA,NA,NA,NA,NA,NA,20.5,TRY,NA,NA,NA,NA,NA,NA,9.466667,TRY,NA,NA,35700.0,TRY,16.096,TRY,0.48,TRY,NA,NA,NA,NA,NA,NA,NA,NA,NA,NA,NA,NA,NA,NA
Aesculus_flava,231,Aes_Fla,NA,332,NA,NA,NA,NA,NA,0,NA,NA,NA,NA,NA,NA,NA,NA,NA,NA,NA,NA,NA,NA,NA,NA,NA,NA,NA,NA,NA,NA,NA,NA,NA,NA,NA,NA,NA,NA,NA,NA,NA,NA,NA,NA,NA,NA,NA,NA,NA,NA,NA,NA,NA,NA,NA,NA
Aesculus_glabra,88,Aes_Gla,NA,331,0,0.0,0,0,0,1,0.9143999999999999,FVS FFE,20.6,FVS FFE,4.0,FVS FFE,1.0,FVS FFE,NA,NA,NA,NA,NA,NA,NA,NA,20.8,TRY,7.428571,TRY,NA,NA,NA,NA,23.072727,TRY,NA,NA,8070.0,TRY,NA,NA,NA,NA,0.6,TRY,NA,NA,NA,NA,NA,NA,NA,NA,NA,NA,NA,NA
Aesculus_octandra,89,Aes_Oct,NA,NA,0,0.0,0,0,0,1,1.27,FVS FFE,28.7,FVS FFE,4.0,FVS FFE,1.0,FVS FFE,NA,NA,NA,NA,NA,NA,NA,NA,NA,NA,NA,NA,NA,NA,NA,NA,36.35,TRY,NA,NA,15900.0,TRY,NA,NA,0.38,TRY,NA,NA,NA,NA,NA,NA,NA,NA,NA,NA,NA,NA,NA,NA
Aesculus_spp.,90,Aes_Spp,NA,330,1,NA,NA,NA,0,1,0.9143999999999999,FVS FFE,31.8,FVS FFE,4.0,FVS FFE,1.0,FVS FFE,NA,NA,NA,NA,NA,NA,NA,NA,NA,NA,NA,NA,NA,NA,NA,NA,NA,NA,NA,NA,NA,NA,NA,NA,NA,NA,NA,NA,NA,NA,NA,NA,NA,NA,NA,NA,NA,NA,NA,NA
Aesculus_sylvatica,232,Aes_Syl,NA,337,NA,NA,NA,NA,NA,0,NA,NA,NA,NA,NA,NA,NA,NA,NA,NA,NA,NA,NA,NA,NA,NA,NA,NA,NA,NA,NA,NA,NA,NA,NA,NA,NA,NA,NA,NA,NA,NA,NA,NA,NA,NA,NA,NA,NA,NA,NA,NA,NA,NA,NA,NA,NA,NA
Ailanthus_altissima,91,Ail_Alt,NA,341,0,0.0,NA,NA,0,1,1.27,FVS FFE,28.7,FVS FFE,4.0,FVS FFE,1.0,FVS FFE,31623.0,TRY,NA,NA,NA,NA,NA,NA,NA,NA,NA,NA,NA,NA,NA,NA,23.318182,TRY,41.66667,TRY,32.2,TRY,17.78,TRY,0.5320313,TRY,0.9,TRY,NA,NA,NA,NA,NA,NA,NA,NA,NA,NA,NA,NA
Albizia_julibrissin,233,Alb_Jul,NA,345,NA,NA,NA,NA,NA,0,NA,NA,NA,NA,NA,NA,NA,NA,NA,NA,NA,NA,NA,NA,NA,NA,NA,NA,NA,NA,NA,NA,NA,NA,NA,NA,NA,NA,NA,NA,NA,NA,NA,NA,NA,NA,NA,NA,NA,NA,NA,NA,NA,NA,NA,NA,NA,NA
Alnus_glutinosa,234,Aln_Glu,NA,355,NA,NA,NA,NA,NA,0,NA,NA,NA,NA,NA,NA,NA,NA,NA,NA,NA,NA,NA,NA,NA,NA,NA,NA,NA,NA,NA,NA,NA,NA,NA,NA,NA,NA,NA,NA,NA,NA,NA,NA,NA,NA,NA,NA,NA,NA,NA,NA,NA,NA,NA,NA,NA,NA
Alnus_rhombifolia,92,Aln_Rho,NA,NA,0,0.0,1,1,0,1,1.5748,FVS FFE,23.1,FVS FFE,4.0,FVS FFE,1.0,FVS FFE,3199.0,TRY,NA,NA,NA,NA,NA,NA,33.6,TRY,NA,NA,NA,NA,3.5,TRY,24.01,TRY,NA,NA,0.51,TRY,19.548,TRY,0.52,TRY,NA,NA,NA,NA,NA,NA,NA,NA,NA,NA,NA,NA,NA,NA
Alnus_rubra,93,Aln_Rub,NA,351,0,0.0,1,1,0,1,0.6604,FVS FFE,23.1,FVS FFE,4.0,FVS FFE,1.0,FVS FFE,NA,NA,NA,NA,NA,NA,NA,NA,NA,NA,NA,NA,NA,NA,7.0,TRY,32.1,TRY,100.0,TRY,0.853,TRY,NA,NA,0.43,TRY,NA,NA,NA,NA,NA,NA,NA,NA,NA,NA,NA,NA,NA,NA
Alnus_spp.,235,Aln_Spp,NA,350,NA,NA,NA,NA,NA,0,NA,NA,NA,NA,NA,NA,NA,NA,NA,NA,NA,NA,NA,NA,NA,NA,NA,NA,NA,NA,NA,NA,NA,NA,NA,NA,NA,NA,NA,NA,NA,NA,NA,NA,NA,NA,NA,NA,NA,NA,NA,NA,NA,NA,NA,NA,NA,NA
Amelanchier_arborea,236,Ame_Arb,NA,357,NA,NA,NA,NA,NA,0,NA,NA,NA,NA,NA,NA,NA,NA,NA,NA,NA,NA,NA,NA,NA,NA,NA,NA,NA,NA,NA,NA,NA,NA,NA,NA,NA,NA,NA,NA,NA,NA,NA,NA,NA,NA,NA,NA,NA,NA,NA,NA,NA,NA,NA,NA,NA,NA
Amelanchier_sanguinea,237,Ame_San,NA,358,NA,NA,NA,NA,NA,0,NA,NA,NA,NA,NA,NA,NA,NA,NA,NA,NA,NA,NA,NA,NA,NA,NA,NA,NA,NA,NA,NA,NA,NA,NA,NA,NA,NA,NA,NA,NA,NA,NA,NA,NA,NA,NA,NA,NA,NA,NA,NA,NA,NA,NA,NA,NA,NA
Amelanchier_spp.,94,Ame_Spp,NA,356,1,NA,NA,NA,0,1,1.27,FVS FFE,28.7,FVS FFE,4.0,FVS FFE,1.0,FVS FFE,NA,NA,NA,NA,NA,NA,NA,NA,NA,NA,NA,NA,NA,NA,NA,NA,NA,NA,NA,NA,NA,NA,NA,NA,NA,NA,NA,NA,NA,NA,NA,NA,NA,NA,NA,NA,NA,NA,NA,NA
Annona_glabra,238,Ann_Gla,NA,853,NA,NA,NA,NA,NA,0,NA,NA,NA,NA,NA,NA,NA,NA,NA,NA,NA,NA,NA,NA,NA,NA,NA,NA,NA,NA,NA,NA,NA,NA,NA,NA,NA,NA,NA,NA,NA,NA,NA,NA,NA,NA,NA,NA,NA,NA,NA,NA,NA,NA,NA,NA,NA,NA
Arbutus_menziesii,95,Arb_Men,NA,361,0,0.0,1,1,0,1,1.5493999999999999,FVS FFE,36.2,FVS FFE,3.0,FVS FFE,1.0,FVS FFE,4927.0,TRY,53.3,TRY,NA,NA,NA,NA,10.106667,TRY,NA,NA,NA,NA,NA,NA,20.770588,TRY,375.0,TRY,246.0,TRY,6.855769,TRY,0.57,TRY,1.21,TRY,NA,NA,NA,NA,NA,NA,NA,NA,NA,NA,NA,NA
Arbutus_xalapensis,239,Arb_Xal,NA,363,NA,NA,NA,NA,NA,0,NA,NA,NA,NA,NA,NA,NA,NA,NA,NA,NA,NA,NA,NA,NA,NA,NA,NA,NA,NA,NA,NA,NA,NA,NA,NA,NA,NA,NA,NA,NA,NA,NA,NA,NA,NA,NA,NA,NA,NA,NA,NA,NA,NA,NA,NA,NA,NA
Asimina_triloba,240,Asi_Tri,NA,367,NA,NA,NA,NA,NA,0,NA,NA,NA,NA,NA,NA,NA,NA,NA,NA,NA,NA,NA,NA,NA,NA,NA,NA,NA,NA,NA,NA,NA,NA,NA,NA,NA,NA,NA,NA,NA,NA,NA,NA,NA,NA,NA,NA,NA,NA,NA,NA,NA,NA,NA,NA,NA,NA
Avicennia_germinans,241,Avi_Ger,NA,986,NA,NA,NA,NA,NA,0,NA,NA,NA,NA,NA,NA,NA,NA,NA,NA,NA,NA,NA,NA,NA,NA,NA,NA,NA,NA,NA,NA,NA,NA,NA,NA,NA,NA,NA,NA,NA,NA,NA,NA,NA,NA,NA,NA,NA,NA,NA,NA,NA,NA,NA,NA,NA,NA
Betula_alleghaniensis,96,Bet_All,NA,371,0,0.0,0,0,0,1,0.7874,FVS FFE,34.3,FVS FFE,4.0,FVS FFE,1.0,FVS FFE,NA,NA,NA,NA,NA,NA,NA,NA,17.628571,TRY,13.529412,TRY,NA,NA,4.25,TRY,20.307429,TRY,283.2,TRY,5.52,TRY,26.949879,TRY,0.66,TRY,NA,NA,NA,NA,NA,NA,NA,NA,NA,NA,NA,NA,NA,NA
Betula_lenta,97,Bet_Len,NA,372,0,0.0,0,0,0,1,0.7619999999999999,FVS FFE,37.4,FVS FFE,4.0,FVS FFE,1.0,FVS FFE,NA,NA,NA,NA,NA,NA,NA,NA,NA,NA,NA,NA,NA,NA,4.5,TRY,23.333333,TRY,265.0,TRY,0.858,TRY,20.87,TRY,0.71,TRY,NA,NA,NA,NA,NA,NA,NA,NA,NA,NA,NA,NA,NA,NA
Betula_nigra,98,Bet_Nig,NA,373,0,0.0,0,0,0,1,0.7366,FVS FFE,30.25,FVS FFE,4.0,FVS FFE,1.0,FVS FFE,1738.8323,TRY,21.9,TRY,56.9067,TRY,5.2,TRY,22.8,TRY,NA,NA,0.14025,TRY,3.9212455,TRY,24.092308,TRY,NA,NA,1.1,TRY,11.660296,TRY,0.51,TRY,NA,NA,NA,NA,NA,NA,NA,NA,NA,NA,NA,NA,NA,NA
Betula_occidentalis,99,Bet_Occ,NA,NA,0,0.0,1,1,0,1,1.27,FVS FFE,29.9,FVS FFE,4.0,FVS FFE,1.0,FVS FFE,NA,NA,NA,NA,NA,NA,NA,NA,NA,NA,NA,NA,NA,NA,2.75,TRY,10.0,TRY,NA,NA,NA,NA,16.156406,TRY,NA,NA,NA,NA,NA,NA,NA,NA,NA,NA,NA,NA,NA,NA,NA,NA
Betula_papyrifera,100,Bet_Pap,NA,375,0,0.0,0,0,0,1,0.6858,FVS FFE,29.9,FVS FFE,4.0,FVS FFE,1.0,FVS FFE,4548.81286,TRY,28.7,TRY,NA,NA,3.6,TRY,20.009629,TRY,11.649896,TRY,NA,NA,5.7,TRY,7.515154,TRY,176.25,TRY,0.317,TRY,20.672091000000002,TRY,0.6,TRY,0.02034788,TRY,NA,NA,NA,NA,NA,NA,NA,NA,NA,NA,NA,NA
Betula_populifolia,101,Bet_Pop,NA,379,0,0.0,0,0,0,1,0.8382,FVS FFE,29.9,FVS FFE,4.0,FVS FFE,1.0,FVS FFE,NA,NA,NA,NA,NA,NA,NA,NA,15.96,TRY,12.666667,TRY,NA,NA,5.5,TRY,6.177211,TRY,NA,NA,0.11,TRY,29.302,TRY,0.55,TRY,NA,NA,NA,NA,NA,NA,NA,NA,NA,NA,NA,NA,NA,NA
Betula_spp.,102,Bet_Spp,NA,370,1,NA,NA,NA,0,1,0.8382,FVS FFE,34.3,FVS FFE,4.0,FVS FFE,1.0,FVS FFE,NA,NA,NA,NA,NA,NA,NA,NA,NA,NA,NA,NA,NA,NA,NA,NA,NA,NA,NA,NA,NA,NA,NA,NA,NA,NA,NA,NA,NA,NA,NA,NA,NA,NA,NA,NA,NA,NA,NA,NA
Bursera_simaruba,242,Bur_Sim,NA,854,NA,NA,NA,NA,NA,0,NA,NA,NA,NA,NA,NA,NA,NA,NA,NA,NA,NA,NA,NA,NA,NA,NA,NA,NA,NA,NA,NA,NA,NA,NA,NA,NA,NA,NA,NA,NA,NA,NA,NA,NA,NA,NA,NA,NA,NA,NA,NA,NA,NA,NA,NA,NA,NA
Calocedrus_decurrens,11,Cal_Dec,9,81,0,0.0,1,1,1,1,1.7906999999999997,FVS FFE,21.8,FVS FFE,2.0,FVS FFE,5.0,FVS FFE,NA,NA,NA,NA,NA,NA,NA,NA,NA,NA,NA,NA,NA,NA,NA,NA,48.083333,TRY,556.0,TRY,36.7,TRY,NA,NA,NA,NA,2.0,TRY,1,FEIS,5,FEIS,NA,NA,NA,NA,NA,NA,NA,NA
Carpinus_caroliniana,105,Car_Car,NA,391,0,0.0,0,0,0,1,0.7619999999999999,FVS FFE,32.61429,FVS FFE,3.571429,FVS FFE,1.0,FVS FFE,1299.54167,TRY,NA,NA,66.07778,TRY,NA,NA,NA,NA,NA,NA,NA,NA,3.0865,TRY,8.134694,TRY,NA,NA,16.3,TRY,28.25473,TRY,0.72,TRY,NA,NA,NA,NA,NA,NA,NA,NA,NA,NA,NA,NA,NA,NA
Carya_alba,103,Car_Alb,NA,409,0,0.0,0,0,0,1,1.0921999999999998,FVS FFE,39.9,FVS FFE,4.0,FVS FFE,1.0,FVS FFE,NA,NA,NA,NA,NA,NA,NA,NA,11.55,TRY,NA,NA,NA,NA,NA,NA,NA,NA,NA,NA,NA,NA,NA,NA,NA,NA,NA,NA,NA,NA,NA,NA,NA,NA,NA,NA,NA,NA,NA,NA
Carya_aquatica,104,Car_Aqu,NA,401,0,0.0,0,0,0,1,1.1176,FVS FFE,38.0,FVS FFE,4.0,FVS FFE,1.0,FVS FFE,NA,NA,NA,NA,NA,NA,NA,NA,NA,NA,NA,NA,NA,NA,NA,NA,37.666667,TRY,NA,NA,2270.0,TRY,NA,NA,0.63,TRY,NA,NA,NA,NA,NA,NA,NA,NA,NA,NA,NA,NA,NA,NA
Carya_cordiformis,106,Car_Cor,NA,402,0,0.0,0,0,0,1,0.9397999999999999,FVS FFE,37.4,FVS FFE,4.0,FVS FFE,1.0,FVS FFE,NA,NA,NA,NA,NA,NA,NA,NA,9.0,TRY,9.0,TRY,NA,NA,NA,NA,28.727273,TRY,200.0,TRY,3e3,TRY,31.959908,TRY,0.67,TRY,NA,NA,NA,NA,NA,NA,NA,NA,NA,NA,NA,NA,NA,NA
Carya_glabra,107,Car_Gla,NA,403,0,0.0,0,0,0,1,0.9397999999999999,FVS FFE,41.2,FVS FFE,4.0,FVS FFE,1.0,FVS FFE,22300.33333,TRY,33.1,TRY,270.0,TRY,NA,NA,16.033333,TRY,NA,NA,NA,NA,30.4857143,TRY,17.888889,TRY,300.0,TRY,2470.0,TRY,15.277278,TRY,0.76,TRY,NA,NA,NA,NA,NA,NA,NA,NA,NA,NA,NA,NA,NA,NA
Carya_illinoensis,108,Car_Ill,NA,404,0,0.0,0,0,0,1,0.9143999999999999,FVS FFE,37.4,FVS FFE,4.0,FVS FFE,1.0,FVS FFE,NA,NA,NA,NA,NA,NA,NA,NA,NA,NA,NA,NA,NA,NA,NA,NA,43.272727,TRY,300.0,TRY,3700.0,TRY,NA,NA,0.69,TRY,2.5,TRY,NA,NA,NA,NA,NA,NA,NA,NA,NA,NA,NA,NA
Carya_laciniosa,109,Car_Lac,NA,405,0,0.0,0,0,0,1,1.0921999999999998,FVS FFE,38.7,FVS FFE,4.0,FVS FFE,1.0,FVS FFE,NA,NA,NA,NA,NA,NA,NA,NA,NA,NA,NA,NA,NA,NA,NA,NA,33.0,TRY,NA,NA,15500.0,TRY,NA,NA,0.62,TRY,NA,NA,NA,NA,NA,NA,NA,NA,NA,NA,NA,NA,NA,NA
Carya_myristiciformis,243,Car_Myr,NA,406,NA,NA,NA,NA,NA,0,NA,NA,NA,NA,NA,NA,NA,NA,NA,NA,NA,NA,NA,NA,NA,NA,NA,NA,NA,NA,NA,NA,NA,NA,NA,NA,NA,NA,NA,NA,NA,NA,NA,NA,NA,NA,NA,NA,NA,NA,NA,NA,NA,NA,NA,NA,NA,NA
Carya_ovata,110,Car_Ova,NA,407,0,0.0,0,0,0,1,1.016,FVS FFE,39.9,FVS FFE,4.0,FVS FFE,1.0,FVS FFE,NA,NA,25.2,TRY,NA,NA,5.6,TRY,19.8,TRY,NA,NA,NA,NA,NA,NA,30.933333,TRY,300.0,TRY,4540.0,TRY,11.2,TRY,0.73,TRY,NA,NA,NA,NA,NA,NA,NA,NA,NA,NA,NA,NA,NA,NA
Carya_pallida,244,Car_Pal,NA,410,NA,NA,NA,NA,NA,0,NA,NA,NA,NA,NA,NA,NA,NA,NA,NA,NA,NA,NA,NA,NA,NA,NA,NA,NA,NA,NA,NA,NA,NA,NA,NA,NA,NA,NA,NA,NA,NA,NA,NA,NA,NA,NA,NA,NA,NA,NA,NA,NA,NA,NA,NA,NA,NA
Carya_spp.,111,Car_Spp,NA,400,1,NA,NA,NA,0,1,1.0837334179999998,FVS FFE,39.9,FVS FFE,4.0,FVS FFE,1.0,FVS FFE,NA,NA,NA,NA,NA,NA,NA,NA,NA,NA,NA,NA,NA,NA,NA,NA,NA,NA,NA,NA,NA,NA,NA,NA,NA,NA,NA,NA,NA,NA,NA,NA,NA,NA,NA,NA,NA,NA,NA,NA
Carya_texana,112,Car_Tex,NA,408,0,0.0,0,0,0,1,1.016,FVS FFE,39.9,FVS FFE,4.0,FVS FFE,1.0,FVS FFE,NA,NA,NA,NA,NA,NA,NA,NA,NA,NA,NA,NA,NA,NA,NA,NA,41.0,TRY,NA,NA,NA,NA,NA,NA,NA,NA,NA,NA,NA,NA,NA,NA,NA,NA,NA,NA,NA,NA,NA,NA
Carya_tomentosa,113,Car_Tom,NA,NA,0,0.0,0,0,0,1,1.0921999999999998,FVS FFE,39.9,FVS FFE,4.0,FVS FFE,1.0,FVS FFE,42800.94595,TRY,NA,NA,295.57143,TRY,NA,NA,14.966667,TRY,19.8,TRY,NA,NA,29.5714286,TRY,13.308333,TRY,500.0,TRY,7780.0,TRY,15.779846,TRY,0.73,TRY,NA,NA,NA,NA,NA,NA,NA,NA,NA,NA,NA,NA,NA,NA
Castanea_dentata,114,Cas_Den,NA,421,0,0.0,0,0,0,1,NA,NA,28.7,FVS FFE,2.0,FVS FFE,1.0,FVS FFE,NA,NA,NA,NA,NA,NA,NA,NA,18.466667,TRY,NA,NA,NA,NA,8.0,TRY,24.0,TRY,NA,NA,3460.0,TRY,17.2,TRY,0.5,TRY,NA,NA,NA,NA,NA,NA,NA,NA,NA,NA,NA,NA,NA,NA
Castanea_mollissima,246,Cas_Mol,NA,424,NA,NA,NA,NA,NA,0,NA,NA,NA,NA,NA,NA,NA,NA,NA,NA,NA,NA,NA,NA,NA,NA,NA,NA,NA,NA,NA,NA,NA,NA,NA,NA,NA,NA,NA,NA,NA,NA,NA,NA,NA,NA,NA,NA,NA,NA,NA,NA,NA,NA,NA,NA,NA,NA
Castanea_pumila,247,Cas_Pum,NA,422,NA,NA,NA,NA,NA,0,NA,NA,NA,NA,NA,NA,NA,NA,NA,NA,NA,NA,NA,NA,NA,NA,NA,NA,NA,NA,NA,NA,NA,NA,NA,NA,NA,NA,NA,NA,NA,NA,NA,NA,NA,NA,NA,NA,NA,NA,NA,NA,NA,NA,NA,NA,NA,NA
Castanea_spp.,248,Cas_Spp,NA,420,NA,NA,NA,NA,NA,0,NA,NA,NA,NA,NA,NA,NA,NA,NA,NA,NA,NA,NA,NA,NA,NA,NA,NA,NA,NA,NA,NA,NA,NA,NA,NA,NA,NA,NA,NA,NA,NA,NA,NA,NA,NA,NA,NA,NA,NA,NA,NA,NA,NA,NA,NA,NA,NA
Casuarina_lepidophloia,245,Cas_Lep,NA,857,NA,NA,NA,NA,NA,0,NA,NA,NA,NA,NA,NA,NA,NA,NA,NA,NA,NA,NA,NA,NA,NA,NA,NA,NA,NA,NA,NA,NA,NA,NA,NA,NA,NA,NA,NA,NA,NA,NA,NA,NA,NA,NA,NA,NA,NA,NA,NA,NA,NA,NA,NA,NA,NA
Catalpa_bignonioides,249,Cat_Big,NA,451,NA,NA,NA,NA,NA,0,NA,NA,NA,NA,NA,NA,NA,NA,NA,NA,NA,NA,NA,NA,NA,NA,NA,NA,NA,NA,NA,NA,NA,NA,NA,NA,NA,NA,NA,NA,NA,NA,NA,NA,NA,NA,NA,NA,NA,NA,NA,NA,NA,NA,NA,NA,NA,NA
Catalpa_speciosa,250,Cat_Spe,NA,452,NA,NA,NA,NA,NA,0,NA,NA,NA,NA,NA,NA,NA,NA,NA,NA,NA,NA,NA,NA,NA,NA,NA,NA,NA,NA,NA,NA,NA,NA,NA,NA,NA,NA,NA,NA,NA,NA,NA,NA,NA,NA,NA,NA,NA,NA,NA,NA,NA,NA,NA,NA,NA,NA
Catalpa_spp.,115,Cat_Spp,NA,450,1,NA,NA,NA,0,1,0.9397999999999999,FVS FFE,29.3,FVS FFE,2.0,FVS FFE,1.0,FVS FFE,NA,NA,NA,NA,NA,NA,NA,NA,NA,NA,NA,NA,NA,NA,NA,NA,NA,NA,NA,NA,NA,NA,NA,NA,NA,NA,NA,NA,NA,NA,NA,NA,NA,NA,NA,NA,NA,NA,NA,NA
Celtis_laevigata,116,Cel_Lae,NA,461,0,0.0,1,1,0,1,0.9143999999999999,FVS FFE,30.6,FVS FFE,4.0,FVS FFE,1.0,FVS FFE,1175.0625,TRY,NA,NA,60.42222,TRY,NA,NA,NA,NA,NA,NA,NA,NA,2.7452381,TRY,9.55814,TRY,150.0,TRY,208.0,TRY,19.030058,TRY,0.47,TRY,1.0,TRY,NA,NA,NA,NA,NA,NA,NA,NA,NA,NA,NA,NA
Celtis_occidentalis,117,Cel_Occ,NA,462,0,0.0,1,0,0,1,0.9143999999999999,FVS FFE,30.6,FVS FFE,4.0,FVS FFE,1.0,FVS FFE,NA,NA,20.9,TRY,NA,NA,NA,NA,25.0,TRY,15.352941,TRY,NA,NA,6.0,TRY,24.166667,TRY,175.0,TRY,106.0,TRY,18.708228,TRY,0.49,TRY,NA,NA,NA,NA,NA,NA,NA,NA,NA,NA,NA,NA,NA,NA
Celtis_spp.,118,Cel_Spp,NA,460,1,NA,NA,NA,0,1,0.9143999999999999,FVS FFE,30.6,FVS FFE,4.0,FVS FFE,1.0,FVS FFE,NA,NA,NA,NA,NA,NA,NA,NA,NA,NA,NA,NA,NA,NA,NA,NA,NA,NA,NA,NA,NA,NA,NA,NA,NA,NA,NA,NA,NA,NA,NA,NA,NA,NA,NA,NA,NA,NA,NA,NA
Cercis_canadensis,120,Cer_Can,NA,471,0,0.0,0,0,0,1,0.889,FVS FFE,35.55,FVS FFE,3.0,FVS FFE,1.0,FVS FFE,6169.79011,TRY,NA,NA,84.92206,TRY,NA,NA,19.115789,TRY,NA,NA,0.1958,TRY,8.2684386,TRY,5.226316,TRY,NA,NA,NA,NA,24.313383,TRY,0.65,TRY,NA,NA,NA,NA,NA,NA,NA,NA,NA,NA,NA,NA,NA,NA
Cercocarpus_betuloides,119,Cer_Bet,NA,NA,0,0.0,1,1,0,1,1.1176,FVS FFE,21.8,FVS FFE,4.0,FVS FFE,1.0,FVS FFE,NA,NA,NA,NA,NA,NA,NA,NA,16.2,TRY,14.727273,TRY,NA,NA,NA,NA,3.75,TRY,NA,NA,NA,NA,NA,NA,0.8,TRY,NA,NA,NA,NA,NA,NA,NA,NA,NA,NA,NA,NA,NA,NA
Cercocarpus_ledifolius,121,Cer_Led,NA,NA,0,0.0,1,1,0,1,1.1176,FVS FFE,21.8,FVS FFE,4.0,FVS FFE,1.0,FVS FFE,NA,NA,NA,NA,NA,NA,NA,NA,NA,NA,NA,NA,NA,NA,0.65,TRY,5.95,TRY,1350.0,TRY,NA,NA,NA,NA,NA,NA,0.6,TRY,NA,NA,NA,NA,NA,NA,NA,NA,NA,NA,NA,NA
Chamaecyparis_lawsonia,12,Cha_Law,10,41,0,0.0,1,1,1,1,2.0574,FVS FFE,24.3,FVS FFE,2.0,FVS FFE,4.0,FVS FFE,NA,NA,NA,NA,NA,NA,NA,NA,NA,NA,NA,NA,NA,NA,NA,NA,50.0,TRY,NA,NA,2.0,TRY,NA,NA,NA,NA,NA,NA,1,FEIS,3,FEIS,NA,NA,NA,NA,NA,NA,NA,NA
Chamaecyparis_nootkatensis,13,Cha_Noo,NA,42,0,0.0,1,0,1,1,0.5588,FVS FFE,26.2,FVS FFE,2.0,FVS FFE,5.0,FVS FFE,NA,NA,NA,NA,NA,NA,NA,NA,NA,NA,NA,NA,NA,NA,NA,NA,35.4375,TRY,2560.0,TRY,2.59,TRY,NA,NA,0.46,TRY,1.16666667,TRY,1,FEIS,NA,NA,NA,NA,NA,NA,NA,NA,NA,NA
Chamaecyparis_thoides,14,Cha_Tho,NA,NA,0,0.0,0,0,1,1,0.635,FVS FFE,19.3,FVS FFE,2.0,FVS FFE,3.0,FVS FFE,NA,NA,NA,NA,NA,NA,NA,NA,NA,NA,NA,NA,NA,NA,NA,NA,NA,NA,NA,NA,NA,NA,NA,NA,NA,NA,NA,NA,1,FEIS,NA,NA,NA,NA,NA,NA,NA,NA,NA,NA
Chamaecyparis_thyoides,251,Cha_Thy,NA,43,NA,NA,NA,NA,NA,0,NA,NA,NA,NA,NA,NA,NA,NA,NA,NA,NA,NA,NA,NA,NA,NA,NA,NA,NA,NA,NA,NA,NA,NA,NA,NA,NA,NA,NA,NA,NA,NA,NA,NA,NA,NA,NA,NA,NA,NA,NA,NA,NA,NA,NA,NA,NA,NA
Chrysolepis_chrysophylla,122,Chr_Chr,NA,NA,0,0.0,1,1,0,1,1.1429999999999998,FVS FFE,36.2,FVS FFE,4.0,FVS FFE,1.0,FVS FFE,NA,NA,NA,NA,NA,NA,NA,NA,NA,NA,NA,NA,NA,NA,NA,NA,NA,NA,NA,NA,NA,NA,NA,NA,NA,NA,NA,NA,NA,NA,NA,NA,NA,NA,NA,NA,NA,NA,NA,NA
Cinnamomum_camphora,252,Cin_Cam,NA,858,NA,NA,NA,NA,NA,0,NA,NA,NA,NA,NA,NA,NA,NA,NA,NA,NA,NA,NA,NA,NA,NA,NA,NA,NA,NA,NA,NA,NA,NA,NA,NA,NA,NA,NA,NA,NA,NA,NA,NA,NA,NA,NA,NA,NA,NA,NA,NA,NA,NA,NA,NA,NA,NA
Citrus_spp.,253,Cit_Spp,NA,860,NA,NA,NA,NA,NA,0,NA,NA,NA,NA,NA,NA,NA,NA,NA,NA,NA,NA,NA,NA,NA,NA,NA,NA,NA,NA,NA,NA,NA,NA,NA,NA,NA,NA,NA,NA,NA,NA,NA,NA,NA,NA,NA,NA,NA,NA,NA,NA,NA,NA,NA,NA,NA,NA
Cladrastis_kentukea,254,Cla_Ken,NA,481,NA,NA,NA,NA,NA,0,NA,NA,NA,NA,NA,NA,NA,NA,NA,NA,NA,NA,NA,NA,NA,NA,NA,NA,NA,NA,NA,NA,NA,NA,NA,NA,NA,NA,NA,NA,NA,NA,NA,NA,NA,NA,NA,NA,NA,NA,NA,NA,NA,NA,NA,NA,NA,NA
Condalia_hookeri,256,Con_Hoo,NA,867,NA,NA,NA,NA,NA,0,NA,NA,NA,NA,NA,NA,NA,NA,NA,NA,NA,NA,NA,NA,NA,NA,NA,NA,NA,NA,NA,NA,NA,NA,NA,NA,NA,NA,NA,NA,NA,NA,NA,NA,NA,NA,NA,NA,NA,NA,NA,NA,NA,NA,NA,NA,NA,NA
Conocarpus_erectus,255,Con_Ere,NA,987,NA,NA,NA,NA,NA,0,NA,NA,NA,NA,NA,NA,NA,NA,NA,NA,NA,NA,NA,NA,NA,NA,NA,NA,NA,NA,NA,NA,NA,NA,NA,NA,NA,NA,NA,NA,NA,NA,NA,NA,NA,NA,NA,NA,NA,NA,NA,NA,NA,NA,NA,NA,NA,NA
Cornus_florida,123,Cor_Flo,NA,491,0,0.0,0,0,0,1,1.0413999999999999,FVS FFE,33.67143,FVS FFE,3.571429,FVS FFE,1.0,FVS FFE,4160.18078,TRY,35.7,TRY,91.55921,TRY,5.6,TRY,14.055062,TRY,10.045635,TRY,0.1507292,TRY,5.2969586,TRY,6.622727,TRY,125.0,TRY,101.0,TRY,24.802422,TRY,0.8,TRY,NA,NA,NA,NA,NA,NA,NA,NA,NA,NA,NA,NA,NA,NA
Cornus_nuttallii,124,Cor_Nut,NA,NA,0,0.0,1,1,0,1,1.5748,FVS FFE,27.4,FVS FFE,4.0,FVS FFE,1.0,FVS FFE,NA,NA,NA,NA,NA,NA,NA,NA,NA,NA,NA,NA,NA,NA,5.45,TRY,14.5,TRY,NA,NA,NA,NA,35.06,TRY,0.58,TRY,0.61,TRY,NA,NA,NA,NA,NA,NA,NA,NA,NA,NA,NA,NA
Cotinus_obovatus,257,Cot_Obo,NA,996,NA,NA,NA,NA,NA,0,NA,NA,NA,NA,NA,NA,NA,NA,NA,NA,NA,NA,NA,NA,NA,NA,NA,NA,NA,NA,NA,NA,NA,NA,NA,NA,NA,NA,NA,NA,NA,NA,NA,NA,NA,NA,NA,NA,NA,NA,NA,NA,NA,NA,NA,NA,NA,NA
Crataegus_crus-galli,258,Cra_Cru,NA,501,NA,NA,NA,NA,NA,0,NA,NA,NA,NA,NA,NA,NA,NA,NA,NA,NA,NA,NA,NA,NA,NA,NA,NA,NA,NA,NA,NA,NA,NA,NA,NA,NA,NA,NA,NA,NA,NA,NA,NA,NA,NA,NA,NA,NA,NA,NA,NA,NA,NA,NA,NA,NA,NA
Crataegus_mollis,259,Cra_Mol,NA,502,NA,NA,NA,NA,NA,0,NA,NA,NA,NA,NA,NA,NA,NA,NA,NA,NA,NA,NA,NA,NA,NA,NA,NA,NA,NA,NA,NA,NA,NA,NA,NA,NA,NA,NA,NA,NA,NA,NA,NA,NA,NA,NA,NA,NA,NA,NA,NA,NA,NA,NA,NA,NA,NA
Crataegus_spp.,125,Cra_Spp,NA,500,1,NA,NA,NA,0,1,0.9652,FVS FFE,30.875,FVS FFE,4.0,FVS FFE,1.0,FVS FFE,NA,NA,NA,NA,NA,NA,NA,NA,NA,NA,NA,NA,NA,NA,NA,NA,NA,NA,NA,NA,NA,NA,NA,NA,NA,NA,NA,NA,NA,NA,NA,NA,NA,NA,NA,NA,NA,NA,NA,NA
Diospyros_spp.,260,Dio_Spp,NA,520,NA,NA,NA,NA,NA,0,NA,NA,NA,NA,NA,NA,NA,NA,NA,NA,NA,NA,NA,NA,NA,NA,NA,NA,NA,NA,NA,NA,NA,NA,NA,NA,NA,NA,NA,NA,NA,NA,NA,NA,NA,NA,NA,NA,NA,NA,NA,NA,NA,NA,NA,NA,NA,NA
Diospyros_texana,261,Dio_Tex,NA,522,NA,NA,NA,NA,NA,0,NA,NA,NA,NA,NA,NA,NA,NA,NA,NA,NA,NA,NA,NA,NA,NA,NA,NA,NA,NA,NA,NA,NA,NA,NA,NA,NA,NA,NA,NA,NA,NA,NA,NA,NA,NA,NA,NA,NA,NA,NA,NA,NA,NA,NA,NA,NA,NA
Diospyros_virginiana,262,Dio_Vir,NA,521,NA,NA,NA,NA,NA,0,NA,NA,NA,NA,NA,NA,NA,NA,NA,NA,NA,NA,NA,NA,NA,NA,NA,NA,NA,NA,NA,NA,NA,NA,NA,NA,NA,NA,NA,NA,NA,NA,NA,NA,NA,NA,NA,NA,NA,NA,NA,NA,NA,NA,NA,NA,NA,NA
Ehretia_anacua,263,Ehr_Ana,NA,523,NA,NA,NA,NA,NA,0,NA,NA,NA,NA,NA,NA,NA,NA,NA,NA,NA,NA,NA,NA,NA,NA,NA,NA,NA,NA,NA,NA,NA,NA,NA,NA,NA,NA,NA,NA,NA,NA,NA,NA,NA,NA,NA,NA,NA,NA,NA,NA,NA,NA,NA,NA,NA,NA
Elaeagnus_angustifolia,264,Ela_Ang,NA,997,NA,NA,NA,NA,NA,0,NA,NA,NA,NA,NA,NA,NA,NA,NA,NA,NA,NA,NA,NA,NA,NA,NA,NA,NA,NA,NA,NA,NA,NA,NA,NA,NA,NA,NA,NA,NA,NA,NA,NA,NA,NA,NA,NA,NA,NA,NA,NA,NA,NA,NA,NA,NA,NA
Eucalyptus_grandis,265,Euc_Gra,NA,513,NA,NA,NA,NA,NA,0,NA,NA,NA,NA,NA,NA,NA,NA,NA,NA,NA,NA,NA,NA,NA,NA,NA,NA,NA,NA,NA,NA,NA,NA,NA,NA,NA,NA,NA,NA,NA,NA,NA,NA,NA,NA,NA,NA,NA,NA,NA,NA,NA,NA,NA,NA,NA,NA
Eucalyptus_spp.,266,Euc_Spp,NA,510,NA,NA,NA,NA,NA,0,NA,NA,NA,NA,NA,NA,NA,NA,NA,NA,NA,NA,NA,NA,NA,NA,NA,NA,NA,NA,NA,NA,NA,NA,NA,NA,NA,NA,NA,NA,NA,NA,NA,NA,NA,NA,NA,NA,NA,NA,NA,NA,NA,NA,NA,NA,NA,NA
Eugenia_rhombea,267,Eug_Rho,NA,873,NA,NA,NA,NA,NA,0,NA,NA,NA,NA,NA,NA,NA,NA,NA,NA,NA,NA,NA,NA,NA,NA,NA,NA,NA,NA,NA,NA,NA,NA,NA,NA,NA,NA,NA,NA,NA,NA,NA,NA,NA,NA,NA,NA,NA,NA,NA,NA,NA,NA,NA,NA,NA,NA
Fagus_grandifolia,126,Fag_Gra,NA,531,0,0.0,0,0,0,1,0.635,FVS FFE,34.9,FVS FFE,4.0,FVS FFE,1.0,FVS FFE,3907.16667,TRY,26.9,TRY,97.35433,TRY,NA,NA,16.068333,TRY,15.443548,TRY,0.146,TRY,5.3199375,TRY,30.352941,TRY,333.33333,TRY,285.0,TRY,25.67433,TRY,0.67,TRY,NA,NA,NA,NA,NA,NA,NA,NA,NA,NA,NA,NA,NA,NA
Ficus_aurea,268,Fic_Aur,NA,876,NA,NA,NA,NA,NA,0,NA,NA,NA,NA,NA,NA,NA,NA,NA,NA,NA,NA,NA,NA,NA,NA,NA,NA,NA,NA,NA,NA,NA,NA,NA,NA,NA,NA,NA,NA,NA,NA,NA,NA,NA,NA,NA,NA,NA,NA,NA,NA,NA,NA,NA,NA,NA,NA
Fraxinus_americana,127,Fra_Ame,NA,541,0,0.0,0,0,0,1,1.0668,FVS FFE,34.3,FVS FFE,4.0,FVS FFE,1.0,FVS FFE,29544.27778,TRY,23.5,TRY,224.16667,TRY,5.7,TRY,18.492222,TRY,NA,NA,NA,NA,23.0833333,TRY,10.669388,TRY,NA,NA,45.0,TRY,19.694216,TRY,0.64,TRY,0.9,TRY,NA,NA,NA,NA,NA,NA,NA,NA,NA,NA,NA,NA
Fraxinus_caroliniana,269,Fra_Car,NA,548,NA,NA,NA,NA,NA,0,NA,NA,NA,NA,NA,NA,NA,NA,NA,NA,NA,NA,NA,NA,NA,NA,NA,NA,NA,NA,NA,NA,NA,NA,NA,NA,NA,NA,NA,NA,NA,NA,NA,NA,NA,NA,NA,NA,NA,NA,NA,NA,NA,NA,NA,NA,NA,NA
Fraxinus_latifolia,128,Fra_Lat,NA,542,0,0.0,1,1,0,1,1.0668,FVS FFE,31.2,FVS FFE,4.0,FVS FFE,1.0,FVS FFE,NA,NA,NA,NA,NA,NA,NA,NA,NA,NA,NA,NA,NA,NA,NA,NA,21.0,TRY,250.0,TRY,38.1,TRY,NA,NA,0.58,TRY,NA,NA,NA,NA,NA,NA,NA,NA,NA,NA,NA,NA,NA,NA
Fraxinus_nigra,129,Fra_Nig,NA,543,0,0.0,0,0,0,1,0.889,FVS FFE,28.1,FVS FFE,4.0,FVS FFE,1.0,FVS FFE,NA,NA,NA,NA,NA,NA,NA,NA,NA,NA,NA,NA,NA,NA,NA,NA,21.583333,TRY,284.5,TRY,58.5,TRY,25.55719,TRY,0.53,TRY,0.45,TRY,NA,NA,NA,NA,NA,NA,NA,NA,NA,NA,NA,NA
Fraxinus_pennsylvanica,130,Fra_Pen,NA,544,0,0.0,1,0,0,1,0.9905999999999999,FVS FFE,33.1,FVS FFE,4.0,FVS FFE,1.0,FVS FFE,NA,NA,NA,NA,NA,NA,NA,NA,NA,NA,NA,NA,NA,NA,NA,NA,20.0,TRY,NA,NA,35.7,TRY,22.7,TRY,0.61975,TRY,NA,NA,NA,NA,NA,NA,NA,NA,NA,NA,NA,NA,NA,NA
Fraxinus_profunda,131,Fra_Pro,NA,545,0,0.0,0,0,0,1,0.9397999999999999,FVS FFE,31.5,FVS FFE,4.0,FVS FFE,1.0,FVS FFE,NA,NA,NA,NA,NA,NA,NA,NA,NA,NA,NA,NA,NA,NA,NA,NA,40.0,TRY,NA,NA,142.0,TRY,NA,NA,0.55,TRY,0.41666667,TRY,NA,NA,NA,NA,NA,NA,NA,NA,NA,NA,NA,NA
Fraxinus_quadrangulata,132,Fra_Qua,NA,546,0,0.0,0,0,0,1,0.7619999999999999,FVS FFE,33.1,FVS FFE,4.0,FVS FFE,1.0,FVS FFE,NA,NA,NA,NA,NA,NA,NA,NA,33.36667,TRY,7.253623,TRY,NA,NA,NA,NA,18.35,TRY,NA,NA,NA,NA,NA,NA,0.6,TRY,NA,NA,NA,NA,NA,NA,NA,NA,NA,NA,NA,NA,NA,NA
Fraxinus_spp.,133,Fra_Spp,NA,540,1,NA,NA,NA,0,1,1.0668,FVS FFE,33.1,FVS FFE,4.0,FVS FFE,1.0,FVS FFE,NA,NA,NA,NA,NA,NA,NA,NA,NA,NA,NA,NA,NA,NA,NA,NA,NA,NA,NA,NA,NA,NA,NA,NA,NA,NA,NA,NA,NA,NA,NA,NA,NA,NA,NA,NA,NA,NA,NA,NA
Fraxinus_texensis,270,Fra_Tex,NA,549,NA,NA,NA,NA,NA,0,NA,NA,NA,NA,NA,NA,NA,NA,NA,NA,NA,NA,NA,NA,NA,NA,NA,NA,NA,NA,NA,NA,NA,NA,NA,NA,NA,NA,NA,NA,NA,NA,NA,NA,NA,NA,NA,NA,NA,NA,NA,NA,NA,NA,NA,NA,NA,NA
Ginkgo_biloba,271,Gin_Bil,NA,561,NA,NA,NA,NA,NA,0,NA,NA,NA,NA,NA,NA,NA,NA,NA,NA,NA,NA,NA,NA,NA,NA,NA,NA,NA,NA,NA,NA,NA,NA,NA,NA,NA,NA,NA,NA,NA,NA,NA,NA,NA,NA,NA,NA,NA,NA,NA,NA,NA,NA,NA,NA,NA,NA
Gleditsia_aquatica,272,Gle_Aqu,NA,551,NA,NA,NA,NA,NA,0,NA,NA,NA,NA,NA,NA,NA,NA,NA,NA,NA,NA,NA,NA,NA,NA,NA,NA,NA,NA,NA,NA,NA,NA,NA,NA,NA,NA,NA,NA,NA,NA,NA,NA,NA,NA,NA,NA,NA,NA,NA,NA,NA,NA,NA,NA,NA,NA
Gleditsia_spp.,273,Gle_Spp,NA,550,NA,NA,NA,NA,NA,0,NA,NA,NA,NA,NA,NA,NA,NA,NA,NA,NA,NA,NA,NA,NA,NA,NA,NA,NA,NA,NA,NA,NA,NA,NA,NA,NA,NA,NA,NA,NA,NA,NA,NA,NA,NA,NA,NA,NA,NA,NA,NA,NA,NA,NA,NA,NA,NA
Gleditsia_triacanthos,134,Gle_Tri,NA,552,0,0.0,1,1,0,1,0.9652,FVS FFE,37.4,FVS FFE,2.0,FVS FFE,1.0,FVS FFE,NA,NA,NA,NA,NA,NA,NA,NA,NA,NA,NA,NA,NA,NA,NA,NA,33.888889,TRY,125.0,TRY,167.0,TRY,NA,NA,0.67,TRY,NA,NA,NA,NA,NA,NA,NA,NA,NA,NA,NA,NA,NA,NA
Gordonia_lasianthus,135,Gor_Las,NA,555,0,0.0,0,0,0,1,0.9652,FVS FFE,34.9,FVS FFE,4.0,FVS FFE,1.0,FVS FFE,5846.25,TRY,NA,NA,165.03333,TRY,NA,NA,NA,NA,NA,NA,NA,NA,5.4483333,TRY,8.9,TRY,NA,NA,3.45,TRY,13.706542,TRY,NA,NA,NA,NA,NA,NA,NA,NA,NA,NA,NA,NA,NA,NA,NA,NA
Gymnocladus_dioicus,136,Gym_Dio,NA,571,0,0.0,0,0,0,1,0.7874,FVS FFE,33.1,FVS FFE,4.0,FVS FFE,1.0,FVS FFE,NA,NA,NA,NA,NA,NA,NA,NA,NA,NA,NA,NA,NA,NA,NA,NA,27.2,TRY,NA,NA,1650.0,TRY,NA,NA,0.68,TRY,1.2,TRY,NA,NA,NA,NA,NA,NA,NA,NA,NA,NA,NA,NA
Halesia_carolina,274,Hal_Car,NA,581,NA,NA,NA,NA,NA,0,NA,NA,NA,NA,NA,NA,NA,NA,NA,NA,NA,NA,NA,NA,NA,NA,NA,NA,NA,NA,NA,NA,NA,NA,NA,NA,NA,NA,NA,NA,NA,NA,NA,NA,NA,NA,NA,NA,NA,NA,NA,NA,NA,NA,NA,NA,NA,NA
Halesia_diptera,275,Hal_Dip,NA,582,NA,NA,NA,NA,NA,0,NA,NA,NA,NA,NA,NA,NA,NA,NA,NA,NA,NA,NA,NA,NA,NA,NA,NA,NA,NA,NA,NA,NA,NA,NA,NA,NA,NA,NA,NA,NA,NA,NA,NA,NA,NA,NA,NA,NA,NA,NA,NA,NA,NA,NA,NA,NA,NA
Halesia_spp.,137,Hal_Spp,NA,580,1,NA,NA,NA,0,1,0.9652,FVS FFE,34.9,FVS FFE,4.0,FVS FFE,1.0,FVS FFE,NA,NA,NA,NA,NA,NA,NA,NA,NA,NA,NA,NA,NA,NA,NA,NA,NA,NA,NA,NA,NA,NA,NA,NA,NA,NA,NA,NA,NA,NA,NA,NA,NA,NA,NA,NA,NA,NA,NA,NA
Ilex_opaca,138,Ile_Opa,NA,591,0,0.0,0,0,0,1,1.0668,FVS FFE,31.8,FVS FFE,3.5,FVS FFE,3.0,FVS FFE,1418.41493,TRY,NA,NA,48.43673,TRY,NA,NA,10.8,TRY,15.428571,TRY,0.278,TRY,2.8350018,TRY,7.052632,TRY,NA,NA,16.1,TRY,12.331767,TRY,0.5,TRY,NA,NA,NA,NA,NA,NA,NA,NA,NA,NA,NA,NA,NA,NA
Juglans_cinerea,139,Jug_Cin,NA,601,0,0.0,0,0,0,1,1.0413999999999999,FVS FFE,22.5,FVS FFE,4.0,FVS FFE,1.0,FVS FFE,NA,NA,NA,NA,NA,NA,NA,NA,NA,NA,NA,NA,NA,NA,NA,NA,21.0,TRY,75.0,TRY,15100.0,TRY,NA,NA,0.4,TRY,NA,NA,NA,NA,NA,NA,NA,NA,NA,NA,NA,NA,NA,NA
Juglans_major,276,Jug_Maj,NA,606,NA,NA,NA,NA,NA,0,NA,NA,NA,NA,NA,NA,NA,NA,NA,NA,NA,NA,NA,NA,NA,NA,NA,NA,NA,NA,NA,NA,NA,NA,NA,NA,NA,NA,NA,NA,NA,NA,NA,NA,NA,NA,NA,NA,NA,NA,NA,NA,NA,NA,NA,NA,NA,NA
Juglans_microcarpa,277,Jug_Mic,NA,605,NA,NA,NA,NA,NA,0,NA,NA,NA,NA,NA,NA,NA,NA,NA,NA,NA,NA,NA,NA,NA,NA,NA,NA,NA,NA,NA,NA,NA,NA,NA,NA,NA,NA,NA,NA,NA,NA,NA,NA,NA,NA,NA,NA,NA,NA,NA,NA,NA,NA,NA,NA,NA,NA
Juglans_nigra,140,Jug_Nig,NA,602,0,0.0,1,0,0,1,1.0413999999999999,FVS FFE,31.8,FVS FFE,2.0,FVS FFE,1.0,FVS FFE,NA,NA,16.9,TRY,NA,NA,5.0,TRY,27.65,TRY,6.8125,TRY,NA,NA,45.0,TRY,34.103448,TRY,200.0,TRY,11700.0,TRY,26.495,TRY,0.5974286,TRY,NA,NA,NA,NA,NA,NA,NA,NA,NA,NA,NA,NA,NA,NA
Juglans_spp.,141,Jug_Spp,NA,600,1,NA,NA,NA,0,1,1.0413999999999999,FVS FFE,31.8,FVS FFE,2.0,FVS FFE,1.0,FVS FFE,NA,NA,NA,NA,NA,NA,NA,NA,NA,NA,NA,NA,NA,NA,NA,NA,NA,NA,NA,NA,NA,NA,NA,NA,NA,NA,NA,NA,NA,NA,NA,NA,NA,NA,NA,NA,NA,NA,NA,NA
Juniperus_ashei,278,Jun_Ash,NA,61,NA,NA,NA,NA,NA,0,NA,NA,NA,NA,NA,NA,NA,NA,NA,NA,NA,NA,NA,NA,NA,NA,NA,NA,NA,NA,NA,NA,NA,NA,NA,NA,NA,NA,NA,NA,NA,NA,NA,NA,NA,NA,NA,NA,NA,NA,NA,NA,NA,NA,NA,NA,NA,NA
Juniperus_coahuilensis,279,Jun_Coa,NA,59,NA,NA,NA,NA,NA,0,NA,NA,NA,NA,NA,NA,NA,NA,NA,NA,NA,NA,NA,NA,NA,NA,NA,NA,NA,NA,NA,NA,NA,NA,NA,NA,NA,NA,NA,NA,NA,NA,NA,NA,NA,NA,NA,NA,NA,NA,NA,NA,NA,NA,NA,NA,NA,NA
Juniperus_deppeana,280,Jun_Dep,NA,63,NA,NA,NA,NA,NA,0,NA,NA,NA,NA,NA,NA,NA,NA,NA,NA,NA,NA,NA,NA,NA,NA,NA,NA,NA,NA,NA,NA,NA,NA,NA,NA,NA,NA,NA,NA,NA,NA,NA,NA,NA,NA,NA,NA,NA,NA,NA,NA,NA,NA,NA,NA,NA,NA
Juniperus_flaccida,281,Jun_Fla,NA,60,NA,NA,NA,NA,NA,0,NA,NA,NA,NA,NA,NA,NA,NA,NA,NA,NA,NA,NA,NA,NA,NA,NA,NA,NA,NA,NA,NA,NA,NA,NA,NA,NA,NA,NA,NA,NA,NA,NA,NA,NA,NA,NA,NA,NA,NA,NA,NA,NA,NA,NA,NA,NA,NA
Juniperus_monosperma,282,Jun_Mon,NA,69,NA,NA,NA,NA,NA,0,NA,NA,NA,NA,NA,NA,NA,NA,NA,NA,NA,NA,NA,NA,NA,NA,NA,NA,NA,NA,NA,NA,NA,NA,NA,NA,NA,NA,NA,NA,NA,NA,NA,NA,NA,NA,NA,NA,NA,NA,NA,NA,NA,NA,NA,NA,NA,NA
Juniperus_occidentalis,15,Jun_Occ,11,64,0,0.0,1,1,1,1,0.635,FVS FFE,34.9,FVS FFE,2.0,FVS FFE,4.0,FVS FFE,NA,NA,NA,NA,NA,NA,NA,NA,NA,NA,NA,NA,NA,NA,NA,NA,15.871334,TRY,1833.33333,TRY,41.5,TRY,NA,NA,NA,NA,0.6,TRY,1,FEIS,2,FEIS,NA,NA,NA,NA,NA,NA,NA,NA
Juniperus_osteosperma,283,Jun_Ost,NA,65,NA,NA,NA,NA,NA,0,NA,NA,NA,NA,NA,NA,NA,NA,NA,NA,NA,NA,NA,NA,NA,NA,NA,NA,NA,NA,NA,NA,NA,NA,NA,NA,NA,NA,NA,NA,NA,NA,NA,NA,NA,NA,NA,NA,NA,NA,NA,NA,NA,NA,NA,NA,NA,NA
Juniperus_pinchotii,284,Jun_Pin,NA,58,NA,NA,NA,NA,NA,0,NA,NA,NA,NA,NA,NA,NA,NA,NA,NA,NA,NA,NA,NA,NA,NA,NA,NA,NA,NA,NA,NA,NA,NA,NA,NA,NA,NA,NA,NA,NA,NA,NA,NA,NA,NA,NA,NA,NA,NA,NA,NA,NA,NA,NA,NA,NA,NA
Juniperus_scopulorum,16,Jun_Sco,NA,66,0,0.0,1,0,1,1,0.635,FVS FFE,34.9,FVS FFE,2.0,FVS FFE,4.0,FVS FFE,NA,NA,NA,NA,NA,NA,NA,NA,NA,NA,NA,NA,NA,NA,NA,NA,11.583333,TRY,1470.0,TRY,17.1,TRY,NA,NA,NA,NA,0.375,TRY,1,FEIS,NA,NA,NA,NA,NA,NA,NA,NA,NA,NA
Juniperus_spp.,17,Jun_Spp,NA,57,1,NA,NA,NA,1,1,0.9016999999999998,FVS FFE,27.4,FVS FFE,2.0,FVS FFE,5.0,FVS FFE,NA,NA,NA,NA,NA,NA,NA,NA,NA,NA,NA,NA,NA,NA,NA,NA,NA,NA,NA,NA,NA,NA,NA,NA,NA,NA,NA,NA,0,FEIS,NA,NA,NA,NA,NA,NA,NA,NA,NA,NA
Juniperus_virginiana,18,Jun_Vir,NA,68,0,0.0,0,0,1,1,0.9652,FVS FFE,27.4,FVS FFE,2.0,FVS FFE,5.0,FVS FFE,54.38889,TRY,NA,NA,11.72778,TRY,NA,NA,NA,NA,NA,NA,NA,NA,0.085,TRY,13.911111,TRY,375.0,TRY,10.4,TRY,1.578088,TRY,0.49,TRY,0.45,TRY,1,FEIS,NA,NA,NA,NA,NA,NA,NA,NA,NA,NA
Laguncularia_racemosa,285,Lag_Rac,NA,988,NA,NA,NA,NA,NA,0,NA,NA,NA,NA,NA,NA,NA,NA,NA,NA,NA,NA,NA,NA,NA,NA,NA,NA,NA,NA,NA,NA,NA,NA,NA,NA,NA,NA,NA,NA,NA,NA,NA,NA,NA,NA,NA,NA,NA,NA,NA,NA,NA,NA,NA,NA,NA,NA
Larix_laricina,19,Lar_Lar,NA,71,0,0.0,0,0,1,1,0.7874,FVS FFE,30.6,FVS FFE,3.0,FVS FFE,1.0,FVS FFE,NA,NA,30.5,TRY,NA,NA,6.0,TRY,15.468834,TRY,8.9012,TRY,4.0,TRY,0.3575,TRY,9.186885,TRY,218.125,TRY,1.44,TRY,12.993887,TRY,0.57,TRY,0.03321494,TRY,1,FEIS,NA,NA,NA,NA,NA,NA,NA,NA,NA,NA
Larix_lyallii,20,Lar_Lya,NA,NA,0,0.0,1,NA,1,1,1.27,FVS FFE,29.9,FVS FFE,3.0,FVS FFE,1.0,FVS FFE,NA,NA,24.56667,TRY,NA,NA,NA,NA,19.31,TRY,NA,NA,5.0,TRY,0.335,TRY,19.190476,TRY,677.77778,TRY,3.53,TRY,11.185,TRY,NA,NA,0.7,TRY,0,FEIS,10,FEIS,NA,NA,NA,NA,NA,NA,NA,NA
Larix_occidentalis,21,Lar_Occ,NA,73,0,0.0,1,0,1,1,1.6001999999999998,FVS FFE,29.9,FVS FFE,3.0,FVS FFE,1.0,FVS FFE,NA,NA,29.7,TRY,NA,NA,NA,NA,16.565556,TRY,NA,NA,5.0,TRY,0.06,TRY,51.095238,TRY,800.0,TRY,3.12,TRY,9.959,TRY,0.535,TRY,1.11666667,TRY,1,FEIS,10,FEIS,NA,NA,NA,NA,NA,NA,NA,NA
Larix_spp.,286,Lar_Spp,NA,70,NA,NA,NA,NA,NA,0,NA,NA,NA,NA,NA,NA,NA,NA,NA,NA,NA,NA,NA,NA,NA,NA,NA,NA,NA,NA,NA,NA,NA,NA,NA,NA,NA,NA,NA,NA,NA,NA,NA,NA,NA,NA,NA,NA,NA,NA,NA,NA,NA,NA,NA,NA,NA,NA
Liquidambar_styraciflua,142,Liq_Sty,NA,611,0,0.0,0,0,0,1,0.9143999999999999,FVS FFE,28.7,FVS FFE,4.0,FVS FFE,1.0,FVS FFE,6817.44444,TRY,NA,NA,95.0,TRY,NA,NA,14.489362,TRY,5.206897,TRY,NA,NA,11.15625,TRY,13.939024,TRY,NA,NA,6.06,TRY,14.244463,TRY,0.53,TRY,0.14,TRY,NA,NA,NA,NA,NA,NA,NA,NA,NA,NA,NA,NA
Liriodendron_tulipifera,143,Lir_Tul,NA,621,0,0.0,0,0,0,1,1.0413999999999999,FVS FFE,24.9,FVS FFE,4.0,FVS FFE,1.0,FVS FFE,8716.4,TRY,31.4,TRY,69.82,TRY,5.3,TRY,16.721515,TRY,15.690476,TRY,0.1763333,TRY,12.5519118,TRY,45.61065,TRY,250.0,TRY,49.4,TRY,39.773671,TRY,0.365,TRY,3.5,TRY,NA,NA,NA,NA,NA,NA,NA,NA,NA,NA,NA,NA
Lithocarpus_densiflorus,144,Lit_Den,NA,631,0,0.0,1,1,0,1,1.3208,FVS FFE,36.2,FVS FFE,4.0,FVS FFE,1.0,FVS FFE,NA,NA,NA,NA,NA,NA,NA,NA,NA,NA,NA,NA,NA,NA,NA,NA,37.86,TRY,276.66667,TRY,4230.0,TRY,NA,NA,0.71,TRY,NA,NA,NA,NA,NA,NA,NA,NA,NA,NA,NA,NA,NA,NA
Maclura_pomifera,145,Mac_Pom,NA,641,0,0.0,0,0,0,1,0.9397999999999999,FVS FFE,28.7,FVS FFE,1.0,FVS FFE,1.0,FVS FFE,NA,NA,NA,NA,NA,NA,NA,NA,NA,NA,NA,NA,NA,NA,5.0,TRY,14.384615,TRY,NA,NA,41.8,TRY,NA,NA,0.84,TRY,NA,NA,NA,NA,NA,NA,NA,NA,NA,NA,NA,NA,NA,NA
Magnolia_acuminata,146,Mag_Acu,NA,651,0,0.0,0,0,0,1,0.9143999999999999,FVS FFE,27.4,FVS FFE,4.0,FVS FFE,1.0,FVS FFE,NA,NA,NA,NA,NA,NA,NA,NA,NA,NA,NA,NA,NA,NA,15.0,TRY,25.333333,TRY,125.0,TRY,108.0,TRY,NA,NA,0.52,TRY,NA,NA,NA,NA,NA,NA,NA,NA,NA,NA,NA,NA,NA,NA
Magnolia_fraseri,287,Mag_Fra,NA,655,NA,NA,NA,NA,NA,0,NA,NA,NA,NA,NA,NA,NA,NA,NA,NA,NA,NA,NA,NA,NA,NA,NA,NA,NA,NA,NA,NA,NA,NA,NA,NA,NA,NA,NA,NA,NA,NA,NA,NA,NA,NA,NA,NA,NA,NA,NA,NA,NA,NA,NA,NA,NA,NA
Magnolia_grandiflora,147,Mag_Gra,NA,652,0,0.0,0,0,0,1,0.8382,FVS FFE,28.7,FVS FFE,4.0,FVS FFE,2.0,FVS FFE,8959.58976,TRY,NA,NA,165.34058,TRY,NA,NA,16.66,TRY,NA,NA,0.3336957,TRY,6.5963649,TRY,14.25,TRY,NA,NA,71.7,TRY,9.728233,TRY,0.4438667,TRY,NA,NA,NA,NA,NA,NA,NA,NA,NA,NA,NA,NA,NA,NA
Magnolia_macrophylla,148,Mag_Mac,NA,654,0,0.0,0,0,0,1,0.8382,FVS FFE,27.4,FVS FFE,4.0,FVS FFE,1.0,FVS FFE,NA,NA,NA,NA,NA,NA,NA,NA,24.575,TRY,9.451923,TRY,NA,NA,22.5,TRY,21.428571,TRY,NA,NA,NA,NA,NA,NA,NA,NA,NA,NA,NA,NA,NA,NA,NA,NA,NA,NA,NA,NA,NA,NA
Magnolia_spp.,149,Mag_Spp,NA,650,1,NA,NA,NA,0,1,0.9905999999999999,FVS FFE,28.05,FVS FFE,4.0,FVS FFE,1.0,FVS FFE,NA,NA,NA,NA,NA,NA,NA,NA,NA,NA,NA,NA,NA,NA,NA,NA,NA,NA,NA,NA,NA,NA,NA,NA,NA,NA,NA,NA,NA,NA,NA,NA,NA,NA,NA,NA,NA,NA,NA,NA
Magnolia_tripetala,288,Mag_Tri,NA,658,NA,NA,NA,NA,NA,0,NA,NA,NA,NA,NA,NA,NA,NA,NA,NA,NA,NA,NA,NA,NA,NA,NA,NA,NA,NA,NA,NA,NA,NA,NA,NA,NA,NA,NA,NA,NA,NA,NA,NA,NA,NA,NA,NA,NA,NA,NA,NA,NA,NA,NA,NA,NA,NA
Magnolia_virginiana,150,Mag_Vir,NA,653,0,0.0,0,0,0,1,1.016,FVS FFE,27.43333,FVS FFE,4.0,FVS FFE,1.0,FVS FFE,6912.25,TRY,NA,NA,163.4428,TRY,NA,NA,NA,NA,NA,NA,0.3426923,TRY,6.572,TRY,9.682927,TRY,NA,NA,60.1,TRY,10.275446,TRY,0.48,TRY,NA,NA,NA,NA,NA,NA,NA,NA,NA,NA,NA,NA,NA,NA
Malus_angustifolia,289,Mal_Ang,NA,662,NA,NA,NA,NA,NA,0,NA,NA,NA,NA,NA,NA,NA,NA,NA,NA,NA,NA,NA,NA,NA,NA,NA,NA,NA,NA,NA,NA,NA,NA,NA,NA,NA,NA,NA,NA,NA,NA,NA,NA,NA,NA,NA,NA,NA,NA,NA,NA,NA,NA,NA,NA,NA,NA
Malus_coronaria,290,Mal_Cor,NA,663,NA,NA,NA,NA,NA,0,NA,NA,NA,NA,NA,NA,NA,NA,NA,NA,NA,NA,NA,NA,NA,NA,NA,NA,NA,NA,NA,NA,NA,NA,NA,NA,NA,NA,NA,NA,NA,NA,NA,NA,NA,NA,NA,NA,NA,NA,NA,NA,NA,NA,NA,NA,NA,NA
Malus_fusca,291,Mal_Fus,NA,661,NA,NA,NA,NA,NA,0,NA,NA,NA,NA,NA,NA,NA,NA,NA,NA,NA,NA,NA,NA,NA,NA,NA,NA,NA,NA,NA,NA,NA,NA,NA,NA,NA,NA,NA,NA,NA,NA,NA,NA,NA,NA,NA,NA,NA,NA,NA,NA,NA,NA,NA,NA,NA,NA
Malus_ioensis,292,Mal_Ioe,NA,664,NA,NA,NA,NA,NA,0,NA,NA,NA,NA,NA,NA,NA,NA,NA,NA,NA,NA,NA,NA,NA,NA,NA,NA,NA,NA,NA,NA,NA,NA,NA,NA,NA,NA,NA,NA,NA,NA,NA,NA,NA,NA,NA,NA,NA,NA,NA,NA,NA,NA,NA,NA,NA,NA
Malus_spp.,151,Mal_Spp,NA,660,1,NA,NA,NA,0,1,1.0921999999999998,FVS FFE,31.54,FVS FFE,2.4,FVS FFE,1.0,FVS FFE,NA,NA,NA,NA,NA,NA,NA,NA,NA,NA,NA,NA,NA,NA,NA,NA,NA,NA,NA,NA,NA,NA,NA,NA,NA,NA,NA,NA,NA,NA,NA,NA,NA,NA,NA,NA,NA,NA,NA,NA
Melaleuca_quinquenervia,294,Mel_Qui,NA,992,NA,NA,NA,NA,NA,0,NA,NA,NA,NA,NA,NA,NA,NA,NA,NA,NA,NA,NA,NA,NA,NA,NA,NA,NA,NA,NA,NA,NA,NA,NA,NA,NA,NA,NA,NA,NA,NA,NA,NA,NA,NA,NA,NA,NA,NA,NA,NA,NA,NA,NA,NA,NA,NA
Melia_azedarach,293,Mel_Aze,NA,993,NA,NA,NA,NA,NA,0,NA,NA,NA,NA,NA,NA,NA,NA,NA,NA,NA,NA,NA,NA,NA,NA,NA,NA,NA,NA,NA,NA,NA,NA,NA,NA,NA,NA,NA,NA,NA,NA,NA,NA,NA,NA,NA,NA,NA,NA,NA,NA,NA,NA,NA,NA,NA,NA
Metopium_toxiferum,295,Met_Tox,NA,886,NA,NA,NA,NA,NA,0,NA,NA,NA,NA,NA,NA,NA,NA,NA,NA,NA,NA,NA,NA,NA,NA,NA,NA,NA,NA,NA,NA,NA,NA,NA,NA,NA,NA,NA,NA,NA,NA,NA,NA,NA,NA,NA,NA,NA,NA,NA,NA,NA,NA,NA,NA,NA,NA
Morus_alba,296,Mor_Alb,NA,681,NA,NA,NA,NA,NA,0,NA,NA,NA,NA,NA,NA,NA,NA,NA,NA,NA,NA,NA,NA,NA,NA,NA,NA,NA,NA,NA,NA,NA,NA,NA,NA,NA,NA,NA,NA,NA,NA,NA,NA,NA,NA,NA,NA,NA,NA,NA,NA,NA,NA,NA,NA,NA,NA
Morus_microphylla,297,Mor_Mic,NA,683,NA,NA,NA,NA,NA,0,NA,NA,NA,NA,NA,NA,NA,NA,NA,NA,NA,NA,NA,NA,NA,NA,NA,NA,NA,NA,NA,NA,NA,NA,NA,NA,NA,NA,NA,NA,NA,NA,NA,NA,NA,NA,NA,NA,NA,NA,NA,NA,NA,NA,NA,NA,NA,NA
Morus_rubra,298,Mor_Rub,NA,682,NA,NA,NA,NA,NA,0,NA,NA,NA,NA,NA,NA,NA,NA,NA,NA,NA,NA,NA,NA,NA,NA,NA,NA,NA,NA,NA,NA,NA,NA,NA,NA,NA,NA,NA,NA,NA,NA,NA,NA,NA,NA,NA,NA,NA,NA,NA,NA,NA,NA,NA,NA,NA,NA
Morus_spp.,152,Mor_Spp,NA,680,1,NA,NA,NA,0,1,0.9016999999999998,FVS FFE,35.85,FVS FFE,1.0,FVS FFE,1.0,FVS FFE,NA,NA,NA,NA,NA,NA,NA,NA,NA,NA,NA,NA,NA,NA,NA,NA,NA,NA,NA,NA,NA,NA,NA,NA,NA,NA,NA,NA,NA,NA,NA,NA,NA,NA,NA,NA,NA,NA,NA,NA
Nyssa_aquatica,153,Nys_Aqu,NA,691,0,0.0,0,0,0,1,0.7619999999999999,FVS FFE,28.7,FVS FFE,3.0,FVS FFE,1.0,FVS FFE,NA,NA,NA,NA,NA,NA,NA,NA,NA,NA,NA,NA,NA,NA,NA,NA,28.0,TRY,NA,NA,1010.0,TRY,NA,NA,0.51,TRY,NA,NA,NA,NA,NA,NA,NA,NA,NA,NA,NA,NA,NA,NA
Nyssa_biflora,154,Nys_Bif,NA,694,0,0.0,0,0,0,1,0.9397999999999999,FVS FFE,28.7,FVS FFE,2.0,FVS FFE,1.0,FVS FFE,2454.7,TRY,NA,NA,85.3,TRY,NA,NA,NA,NA,NA,NA,NA,NA,3.714,TRY,10.096774,TRY,NA,NA,NA,NA,16.567139,TRY,NA,NA,NA,NA,NA,NA,NA,NA,NA,NA,NA,NA,NA,NA,NA,NA
Nyssa_ogeche,299,Nys_Oge,NA,692,NA,NA,NA,NA,NA,0,NA,NA,NA,NA,NA,NA,NA,NA,NA,NA,NA,NA,NA,NA,NA,NA,NA,NA,NA,NA,NA,NA,NA,NA,NA,NA,NA,NA,NA,NA,NA,NA,NA,NA,NA,NA,NA,NA,NA,NA,NA,NA,NA,NA,NA,NA,NA,NA
Nyssa_spp.,155,Nys_Spp,NA,690,1,NA,NA,NA,0,1,0.635,FVS FFE,28.7,FVS FFE,2.0,FVS FFE,1.0,FVS FFE,NA,NA,NA,NA,NA,NA,NA,NA,NA,NA,NA,NA,NA,NA,NA,NA,NA,NA,NA,NA,NA,NA,NA,NA,NA,NA,NA,NA,NA,NA,NA,NA,NA,NA,NA,NA,NA,NA,NA,NA
Nyssa_sylvatica,156,Nys_Syl,NA,693,0,0.0,0,0,0,1,0.9905999999999999,FVS FFE,28.7,FVS FFE,3.0,FVS FFE,1.0,FVS FFE,1366.165,TRY,NA,NA,54.1946,TRY,NA,NA,11.88,TRY,14.40678,TRY,0.1605,TRY,3.272195,TRY,23.166667,TRY,NA,NA,580.0,TRY,14.79205,TRY,0.55,TRY,NA,NA,NA,NA,NA,NA,NA,NA,NA,NA,NA,NA,NA,NA
Ostrya_virginiana,157,Ost_Vir,NA,701,0,0.0,0,0,0,1,0.9397999999999999,FVS FFE,33.94286,FVS FFE,3.571429,FVS FFE,1.0,FVS FFE,3028.125,TRY,NA,NA,97.1,TRY,NA,NA,14.666667,TRY,5.333333,TRY,NA,NA,4.5211111,TRY,10.630444,TRY,NA,NA,15.0,TRY,29.370475,TRY,0.63,TRY,NA,NA,NA,NA,NA,NA,NA,NA,NA,NA,NA,NA,NA,NA
Oxydendrum_arboreum,158,Oxy_Arb,NA,711,0,0.0,0,0,0,1,0.9143999999999999,FVS FFE,31.6,FVS FFE,4.0,FVS FFE,1.0,FVS FFE,NA,NA,NA,NA,NA,NA,NA,NA,14.76,TRY,17.118644,TRY,NA,NA,NA,NA,17.5,TRY,NA,NA,0.164,TRY,NA,NA,0.59,TRY,NA,NA,NA,NA,NA,NA,NA,NA,NA,NA,NA,NA,NA,NA
Paulownia_tomentosa,159,Pau_Tom,NA,712,0,0.0,NA,NA,0,1,1.27,FVS FFE,28.7,FVS FFE,4.0,FVS FFE,1.0,FVS FFE,NA,NA,NA,NA,NA,NA,NA,NA,NA,NA,NA,NA,NA,NA,21.5,TRY,15.333333,TRY,NA,NA,0.171,TRY,NA,NA,0.32,TRY,1.0,TRY,NA,NA,NA,NA,NA,NA,NA,NA,NA,NA,NA,NA
Persea_borbonia,160,Per_Bor,NA,721,0,0.0,0,0,0,1,0.9652,FVS FFE,34.9,FVS FFE,4.0,FVS FFE,1.0,FVS FFE,3492.5625,TRY,NA,NA,124.93333,TRY,18.0,TRY,16.4,TRY,NA,NA,NA,NA,3.87875,TRY,5.333333,TRY,NA,NA,216.0,TRY,11.689539,TRY,NA,NA,NA,NA,NA,NA,NA,NA,NA,NA,NA,NA,NA,NA,NA,NA
Persea_spp.,300,Per_Spp,NA,720,NA,NA,NA,NA,NA,0,NA,NA,NA,NA,NA,NA,NA,NA,NA,NA,NA,NA,NA,NA,NA,NA,NA,NA,NA,NA,NA,NA,NA,NA,NA,NA,NA,NA,NA,NA,NA,NA,NA,NA,NA,NA,NA,NA,NA,NA,NA,NA,NA,NA,NA,NA,NA,NA
Picea_abies,22,Pic_Abi,NA,91,0,0.0,NA,NA,1,1,0.7366,FVS FFE,23.1,FVS FFE,4.0,FVS FFE,8.0,FVS FFE,NA,NA,43.45,TRY,NA,NA,NA,NA,12.457274,TRY,12.823529,TRY,NA,NA,NA,NA,25.844201,TRY,445.83333,TRY,6.28,TRY,6.317425,TRY,0.3607471,TRY,1.00092059,TRY,0,FEIS,NA,NA,NA,NA,NA,NA,NA,NA,NA,NA
Picea_breweriana,23,Pic_Bre,12,NA,0,0.0,1,1,1,1,0.635,FVS FFE,20.6,FVS FFE,4.0,FVS FFE,8.0,FVS FFE,NA,NA,NA,NA,NA,NA,NA,NA,NA,NA,NA,NA,NA,NA,NA,NA,39.585714,TRY,900.0,TRY,7.41,TRY,NA,NA,NA,NA,0.975,TRY,1,FEIS,2,FEIS,NA,NA,NA,NA,NA,NA,NA,NA
Picea_engelmannii,24,Pic_Eng,13,93,0,0.0,1,1,1,1,0.9143999999999999,FVS FFE,20.6,FVS FFE,4.0,FVS FFE,6.0,FVS FFE,27.4923,TRY,NA,NA,NA,NA,90.0,TRY,10.3,TRY,NA,NA,NA,NA,NA,NA,37.193,TRY,550.0,TRY,2.86,TRY,3.289066,TRY,0.35,TRY,0.53,TRY,1,FEIS,2,FEIS,NA,NA,NA,NA,NA,NA,NA,NA
Picea_glauca,25,Pic_Gla,NA,94,0,0.0,1,0,1,1,0.635,FVS FFE,23.1,FVS FFE,4.0,FVS FFE,7.333333,FVS FFE,NA,NA,40.3,TRY,NA,NA,60.0,TRY,13.078701,TRY,4.063908,TRY,NA,NA,0.1,TRY,16.256154,TRY,516.66667,TRY,2.03,TRY,33.509827,TRY,0.45,TRY,0.83333333,TRY,1,FEIS,NA,NA,NA,NA,NA,NA,NA,NA,NA,NA
Picea_mariana,26,Pic_Mar,NA,95,0,0.0,0,0,1,1,0.8128,FVS FFE,23.7,FVS FFE,4.0,FVS FFE,8.0,FVS FFE,251.50073,TRY,41.3,TRY,NA,NA,120.0,TRY,13.610928,TRY,13.039432,TRY,NA,NA,0.1,TRY,4.201215,TRY,242.0,TRY,1.37,TRY,4.876995,TRY,0.43,TRY,0.09392198,TRY,4,FEIS,NA,NA,NA,NA,NA,NA,NA,NA,NA,NA
Picea_pungens,301,Pic_Pun,NA,96,NA,NA,NA,NA,NA,0,NA,NA,NA,NA,NA,NA,NA,NA,NA,NA,NA,NA,NA,NA,NA,NA,NA,NA,NA,NA,NA,NA,NA,NA,NA,NA,NA,NA,NA,NA,NA,NA,NA,NA,NA,NA,NA,NA,NA,NA,NA,NA,NA,NA,NA,NA,NA,NA
Picea_rubens,27,Pic_Rub,NA,97,0,0.0,0,0,1,1,0.8636,FVS FFE,23.1,FVS FFE,4.0,FVS FFE,8.0,FVS FFE,NA,NA,NA,NA,NA,NA,NA,NA,9.85,TRY,10.75,TRY,NA,NA,NA,NA,22.18413,TRY,383.33333,TRY,3.21,TRY,14.8,TRY,0.41,TRY,0.63333333,TRY,1,FEIS,NA,NA,NA,NA,NA,NA,NA,NA,NA,NA
Picea_sitchensis,28,Pic_Sit,14,98,0,0.0,1,1,1,1,0.6858,FVS FFE,20.6,FVS FFE,4.0,FVS FFE,5.0,FVS FFE,15.6132,TRY,NA,NA,NA,NA,NA,NA,10.736458,TRY,7.123067,TRY,4.6766667,TRY,NA,NA,27.081022,TRY,744.44444,TRY,1.88,TRY,6.044138,TRY,0.338724,TRY,2.46666667,TRY,1,FEIS,2,FEIS,NA,NA,NA,NA,NA,NA,NA,NA
Picea_spp.,29,Pic_Spp,NA,90,1,NA,NA,NA,1,1,0.8636,FVS FFE,23.1,FVS FFE,4.0,FVS FFE,8.0,FVS FFE,NA,NA,NA,NA,NA,NA,NA,NA,NA,NA,NA,NA,NA,NA,NA,NA,NA,NA,NA,NA,NA,NA,NA,NA,NA,NA,NA,NA,NA,NA,NA,NA,NA,NA,NA,NA,NA,NA,NA,NA
Pinus_albicaulis,30,Pin_Alb,15,101,0,0.0,1,1,1,1,0.7619999999999999,FVS FFE,22.5,FVS FFE,4.0,FVS FFE,3.0,FVS FFE,NA,NA,45.4,TRY,NA,NA,NA,NA,10.35,TRY,NA,NA,NA,NA,0.15,TRY,17.585765,TRY,894.0,TRY,154.0,TRY,4.175,TRY,NA,NA,0.9,TRY,1,Schwilk&Ackerly,1,Schwilk&Ackerly,182.85714285714286,Banwell and Varner unpub data,48.42857142857143,Banwell and Varner unpub data,63.4,Banwell and Varner unpub data,498.14285714285717,Banwell and Varner unpub data
Pinus_attenuata,31,Pin_Att,16,NA,0,0.0,1,1,1,1,0.7619999999999999,FVS FFE,23.7,FVS FFE,4.0,FVS FFE,4.0,FVS FFE,NA,NA,NA,NA,NA,NA,NA,NA,NA,NA,NA,NA,NA,NA,0.1366667,TRY,13.455556,TRY,80.0,TRY,NA,NA,NA,NA,NA,NA,0.55,TRY,10,Schwilk&Ackerly,1,Schwilk&Ackerly,92.8,Fonda 2001 Forest Science,67.2,Fonda 2001 Forest Science,90.4,Fonda 2001 Forest Science,331.0,Fonda 2001 Forest Science
Pinus_banksiana,32,Pin_Ban,NA,105,0,0.0,0,0,1,1,1.016,FVS FFE,24.9,FVS FFE,4.0,FVS FFE,2.0,FVS FFE,580.81976,TRY,40.3,TRY,NA,NA,NA,NA,12.10909,TRY,8.441558,TRY,NA,NA,0.1625,TRY,6.838779,TRY,217.6,TRY,3.68,TRY,5.808281,TRY,0.46,TRY,0.10064932,TRY,10,Schwilk&Ackerly,2,Schwilk&Ackerly,NA,NA,NA,NA,NA,NA,NA,NA
Pinus_cembroides,302,Pin_Cem,NA,140,NA,NA,NA,NA,NA,0,NA,NA,NA,NA,NA,NA,NA,NA,NA,NA,NA,NA,NA,NA,NA,NA,NA,NA,NA,NA,NA,NA,NA,NA,NA,NA,NA,NA,NA,NA,NA,NA,NA,NA,NA,NA,NA,NA,NA,NA,NA,NA,NA,NA,NA,NA,NA,NA
Pinus_clausa,33,Pin_Cla,NA,107,0,0.0,0,0,1,1,0.889,FVS FFE,28.7,FVS FFE,4.0,FVS FFE,2.0,FVS FFE,70.84667,TRY,NA,NA,NA,NA,NA,NA,NA,NA,NA,NA,NA,NA,0.1,TRY,15.491667,TRY,100.0,TRY,43.0,TRY,6.654493,TRY,0.51,TRY,NA,NA,10,Schwilk&Ackerly,1,Schwilk&Ackerly,NA,NA,NA,NA,NA,NA,NA,NA
Pinus_contorta,34,Pin_Con,17,108,0,0.5,1,1,1,1,0.7111999999999999,FVS FFE,23.7,FVS FFE,4.0,FVS FFE,3.0,FVS FFE,NA,NA,49.18,TRY,NA,NA,NA,NA,9.016923,TRY,9.268293,TRY,NA,NA,1.2,TRY,26.055556,TRY,462.5,TRY,5.88,TRY,3.304286,TRY,0.43,TRY,0.472,TRY,4,Schwilk&Ackerly,3,Schwilk&Ackerly,NA,NA,NA,NA,NA,NA,NA,NA
Pinus_contorta_bolanderi,35,Pin_Con_bol,18,NA,0,1.0,1,1,1,1,0.7111999999999999,FVS FFE,23.7,FVS FFE,4.0,FVS FFE,3.0,FVS FFE,NA,NA,49.18,TRY,NA,NA,NA,NA,9.016923,TRY,9.268293,TRY,NA,NA,1.2,TRY,26.055556,TRY,462.5,TRY,5.88,TRY,3.304286,TRY,0.43,TRY,0.472,TRY,NA,NA,NA,NA,54.857142857142854,Banwell and Varner unpub data,59.57142857142857,Banwell and Varner unpub data,77.5,Banwell and Varner unpub data,584.0,Banwell and Varner unpub data
Pinus_contorta_contorta,36,Pin_Con_con,19,NA,0,1.0,1,1,1,1,0.7111999999999999,FVS FFE,23.7,FVS FFE,4.0,FVS FFE,3.0,FVS FFE,NA,NA,49.18,TRY,NA,NA,NA,NA,9.016923,TRY,9.268293,TRY,NA,NA,1.2,TRY,26.055556,TRY,462.5,TRY,5.88,TRY,3.304286,TRY,0.43,TRY,0.472,TRY,4,Schwilk&Ackerly,3,Schwilk&Ackerly,93.4,Banwell and Varner unpub data,48.0,Banwell and Varner unpub data,79.6,Banwell and Varner unpub data,497.2,Banwell and Varner unpub data
Pinus_contorta_latifolia,37,Pin_Con_lat,20,NA,0,1.0,1,1,1,1,0.7111999999999999,FVS FFE,23.7,FVS FFE,4.0,FVS FFE,3.0,FVS FFE,NA,NA,49.18,TRY,NA,NA,NA,NA,9.016923,TRY,9.268293,TRY,NA,NA,1.2,TRY,26.055556,TRY,462.5,TRY,5.88,TRY,3.304286,TRY,0.43,TRY,0.472,TRY,7,Schwilk&Ackerly,3,Schwilk&Ackerly,NA,NA,NA,NA,NA,NA,NA,NA
Pinus_contorta_murrayana,38,Pin_Con_mur,21,NA,0,1.0,1,1,1,1,0.7111999999999999,FVS FFE,23.7,FVS FFE,4.0,FVS FFE,3.0,FVS FFE,NA,NA,49.18,TRY,NA,NA,NA,NA,9.016923,TRY,9.268293,TRY,NA,NA,1.2,TRY,26.055556,TRY,462.5,TRY,5.88,TRY,3.304286,TRY,0.43,TRY,0.472,TRY,1,Schwilk&Ackerly,3,Schwilk&Ackerly,155.28571428571428,Banwell and Varner unpub data,66.85714285714286,Banwell and Varner unpub data,82.5,Banwell and Varner unpub data,444.42857142857144,Banwell and Varner unpub data
Pinus_coulteri,39,Pin_Cou,22,NA,0,0.0,1,1,1,1,1.6001999999999998,FVS FFE,23.7,FVS FFE,4.0,FVS FFE,3.0,FVS FFE,NA,NA,NA,NA,NA,NA,NA,NA,NA,NA,NA,NA,NA,NA,0.2,TRY,17.366667,TRY,100.0,TRY,236.0,TRY,NA,NA,NA,NA,0.65,TRY,3,Schwilk&Ackerly,1,Schwilk&Ackerly,82.42857142857143,Banwell and Varner unpub data,67.71428571428571,Banwell and Varner unpub data,92.0,Banwell and Varner unpub data,328.57142857142856,Banwell and Varner unpub data
Pinus_echinata,40,Pin_Ech,NA,110,0,0.0,0,0,1,1,0.9397999999999999,FVS FFE,29.3,FVS FFE,4.0,FVS FFE,4.0,FVS FFE,NA,NA,NA,NA,NA,NA,NA,NA,9.6,TRY,12.588235,TRY,NA,NA,0.1,TRY,37.090909,TRY,200.0,TRY,9.77,TRY,NA,NA,0.54,TRY,1.00333333,TRY,1,Schwilk&Ackerly,4,Schwilk&Ackerly,NA,NA,NA,NA,NA,NA,NA,NA
Pinus_edulis,41,Pin_Edu,23,106,0,0.0,1,1,1,1,1.5748,FVS FFE,31.8,FVS FFE,4.0,FVS FFE,3.0,FVS FFE,NA,NA,NA,NA,NA,NA,66.0,TRY,10.6,TRY,NA,NA,NA,NA,0.1133333,TRY,13.53,TRY,783.33333,TRY,239.0,TRY,2.45,TRY,0.57,TRY,0.45,TRY,1,Schwilk&Ackerly,1,Schwilk&Ackerly,253.85714285714286,Banwell and Varner unpub data,40.0,Banwell and Varner unpub data,62.2,Banwell and Varner unpub data,588.2857142857143,Banwell and Varner unpub data
Pinus_elliottii,42,Pin_Ell,NA,111,0,0.0,0,0,1,1,1.397,FVS FFE,33.7,FVS FFE,4.0,FVS FFE,2.0,FVS FFE,NA,NA,NA,NA,NA,NA,NA,NA,NA,NA,NA,NA,NA,NA,0.1566667,TRY,27.142857,TRY,200.0,TRY,34.9,TRY,NA,NA,0.66,TRY,0.83333333,TRY,1,Schwilk&Ackerly,5,Schwilk&Ackerly,NA,NA,NA,NA,NA,NA,NA,NA
Pinus_flexilis,43,Pin_Fle,24,113,0,0.0,1,1,1,1,0.7619999999999999,FVS FFE,22.5,FVS FFE,4.0,FVS FFE,3.0,FVS FFE,124.4,TRY,NA,NA,95.0,TRY,36.0,TRY,11.2,TRY,NA,NA,0.6665,TRY,0.125,TRY,17.142857,TRY,700.0,TRY,101.0,TRY,6.38868,TRY,0.42,TRY,NA,NA,1,Schwilk&Ackerly,2,Schwilk&Ackerly,154.57142857142858,Banwell and Varner unpub data,55.285714285714285,Banwell and Varner unpub data,71.7,Banwell and Varner unpub data,769.4285714285714,Banwell and Varner unpub data
Pinus_glabra,44,Pin_Gla,NA,115,0,0.0,0,0,1,1,0.889,FVS FFE,25.6,FVS FFE,4.0,FVS FFE,2.0,FVS FFE,75.60667,TRY,NA,NA,NA,NA,NA,NA,NA,NA,NA,NA,NA,NA,0.095,TRY,12.862222,TRY,113.0,TRY,9.99,TRY,13.047349,TRY,0.45,TRY,0.805,TRY,1,Schwilk&Ackerly,NA,NA,NA,NA,NA,NA,NA,NA,NA,NA
Pinus_jeffreyi,45,Pin_Jef,25,116,0,0.0,1,1,1,1,1.7272,FVS FFE,21.2,FVS FFE,4.0,FVS FFE,3.0,FVS FFE,NA,NA,NA,NA,NA,NA,NA,NA,NA,NA,NA,NA,NA,NA,0.175,TRY,51.416667,TRY,450.0,TRY,102.0,TRY,NA,NA,0.42,TRY,1.44333333,TRY,1,Schwilk&Ackerly,10,Schwilk&Ackerly,79.2,Fonda 2001 Forest Science,67.3,Fonda 2001 Forest Science,90.0,Fonda 2001 Forest Science,306.6,Fonda 2001 Forest Science
Pinus_lambertiana,46,Pin_Lam,26,117,0,0.0,1,1,1,1,1.8287999999999998,FVS FFE,21.2,FVS FFE,4.0,FVS FFE,3.0,FVS FFE,NA,NA,NA,NA,NA,NA,NA,NA,NA,NA,NA,NA,NA,NA,0.135,TRY,62.285714,TRY,480.0,TRY,204.0,TRY,NA,NA,0.38,TRY,1.91,TRY,1,Schwilk&Ackerly,10,Schwilk&Ackerly,128.5,Fonda et al. 1998 Northwest Sci,55.6,Fonda et al. 1998 Northwest Sci,77.1,Fonda et al. 1998 Northwest Sci,103.2,Fonda et al. 1998 Northwest Sci
Pinus_monophylla,303,Pin_Mon1,NA,133,NA,NA,NA,NA,NA,0,NA,NA,NA,NA,NA,NA,NA,NA,NA,NA,NA,NA,NA,NA,NA,NA,NA,NA,NA,NA,NA,NA,NA,NA,NA,NA,NA,NA,NA,NA,NA,NA,NA,NA,NA,NA,NA,NA,NA,NA,NA,NA,NA,NA,NA,NA,NA,NA
Pinus_monticola,47,Pin_Mon3,27,119,0,0.0,1,1,1,1,0.889,FVS FFE,22.5,FVS FFE,4.0,FVS FFE,3.5,FVS FFE,NA,NA,NA,NA,NA,NA,NA,NA,NA,NA,NA,NA,NA,NA,0.085,TRY,62.133333,TRY,440.0,TRY,20.0,TRY,NA,NA,0.42,TRY,1.7,TRY,1,Schwilk&Ackerly,6,Schwilk&Ackerly,NA,NA,NA,NA,NA,NA,NA,NA
Pinus_nigra,304,Pin_Nig,NA,136,NA,NA,NA,NA,NA,0,NA,NA,NA,NA,NA,NA,NA,NA,NA,NA,NA,NA,NA,NA,NA,NA,NA,NA,NA,NA,NA,NA,NA,NA,NA,NA,NA,NA,NA,NA,NA,NA,NA,NA,NA,NA,NA,NA,NA,NA,NA,NA,NA,NA,NA,NA,NA,NA
Pinus_palustris,48,Pin_Pal,NA,121,0,0.0,0,0,1,1,1.2446,FVS FFE,33.7,FVS FFE,4.0,FVS FFE,2.0,FVS FFE,297.60667,TRY,NA,NA,NA,NA,32.0,TRY,8.2,TRY,NA,NA,NA,NA,0.175,TRY,16.493023,TRY,450.0,TRY,103.0,TRY,3.381563,TRY,0.62,TRY,0.975,TRY,1,Schwilk&Ackerly,10,Schwilk&Ackerly,NA,NA,NA,NA,NA,NA,NA,NA
Pinus_ponderosa,49,Pin_Pon,28,122,0,0.5,1,1,1,1,1.6001999999999998,FVS FFE,23.7,FVS FFE,4.0,FVS FFE,3.5,FVS FFE,178.85,TRY,NA,NA,116.725,TRY,NA,NA,NA,NA,NA,NA,1.3738095,TRY,0.28144,TRY,41.229048,TRY,520.83333,TRY,40.4,TRY,5.556796,TRY,0.42,TRY,0.9096908,TRY,1,Schwilk&Ackerly,10,Schwilk&Ackerly,79.7,Fonda 2001 Forest Science,77.0,Fonda 2001 Forest Science,92.0,Fonda 2001 Forest Science,136.9,Fonda 2001 Forest Science
Pinus_ponderosa_brachyptera,50,Pin_Pon_bra,NA,NA,0,1.0,1,0,1,1,1.6001999999999998,FVS FFE,23.7,FVS FFE,4.0,FVS FFE,3.5,FVS FFE,178.85,TRY,NA,NA,116.725,TRY,NA,NA,NA,NA,NA,NA,1.3738095,TRY,0.28144,TRY,41.229048,TRY,520.83333,TRY,40.4,TRY,5.556796,TRY,0.42,TRY,0.9096908,TRY,0,Schwilk&Ackerly,NA,NA,NA,NA,NA,NA,NA,NA,NA,NA
Pinus_ponderosa_critchfieldiana,51,Pin_Pon_cri,30,NA,0,1.0,1,1,1,1,1.6001999999999998,FVS FFE,23.7,FVS FFE,4.0,FVS FFE,3.5,FVS FFE,178.85,TRY,NA,NA,116.725,TRY,NA,NA,NA,NA,NA,NA,1.3738095,TRY,0.28144,TRY,41.229048,TRY,520.83333,TRY,40.4,TRY,5.556796,TRY,0.42,TRY,0.9096908,TRY,1,Schwilk&Ackerly,10,Schwilk&Ackerly,NA,NA,NA,NA,NA,NA,NA,NA
Pinus_ponderosa_ponderosa,52,Pin_Pon_pon,NA,NA,0,1.0,1,0,1,1,1.6001999999999998,FVS FFE,23.7,FVS FFE,4.0,FVS FFE,3.5,FVS FFE,178.85,TRY,NA,NA,116.725,TRY,NA,NA,NA,NA,NA,NA,1.3738095,TRY,0.28144,TRY,41.229048,TRY,520.83333,TRY,40.4,TRY,5.556796,TRY,0.42,TRY,0.9096908,TRY,0,Schwilk&Ackerly,NA,NA,NA,NA,NA,NA,NA,NA,NA,NA
Pinus_ponderosa_scopulorum,53,Pin_Pon_sco,NA,NA,0,1.0,1,0,1,1,1.6001999999999998,FVS FFE,23.7,FVS FFE,4.0,FVS FFE,3.5,FVS FFE,178.85,TRY,NA,NA,116.725,TRY,NA,NA,NA,NA,NA,NA,1.3738095,TRY,0.28144,TRY,41.229048,TRY,520.83333,TRY,40.4,TRY,5.556796,TRY,0.42,TRY,0.9096908,TRY,0,Schwilk&Ackerly,NA,NA,NA,NA,NA,NA,NA,NA,NA,NA
Pinus_pungens,54,Pin_Pun,NA,123,0,0.0,0,0,1,1,1.016,FVS FFE,28.1,FVS FFE,4.0,FVS FFE,3.0,FVS FFE,NA,NA,NA,NA,NA,NA,NA,NA,NA,NA,NA,NA,NA,NA,0.125,TRY,17.109091,TRY,250.0,TRY,13.3,TRY,NA,NA,0.55,TRY,0.425,TRY,10,Schwilk&Ackerly,4,Schwilk&Ackerly,NA,NA,NA,NA,NA,NA,NA,NA
Pinus_radiata,55,Pin_Rad,33,NA,0,0.0,1,1,1,1,0.7619999999999999,FVS FFE,23.7,FVS FFE,4.0,FVS FFE,3.0,FVS FFE,NA,NA,NA,NA,NA,NA,NA,NA,13.527087,TRY,5.793911,TRY,NA,NA,0.17,TRY,26.705882,TRY,106.66667,TRY,42.2,TRY,7.075289,TRY,0.41,TRY,0.6,TRY,10,Schwilk&Ackerly,2,Schwilk&Ackerly,63.5,Fonda 2001 Forest Science,67.3,Fonda 2001 Forest Science,81.4,Fonda 2001 Forest Science,360.1,Fonda 2001 Forest Science
Pinus_remota,305,Pin_Rem,NA,141,NA,NA,NA,NA,NA,0,NA,NA,NA,NA,NA,NA,NA,NA,NA,NA,NA,NA,NA,NA,NA,NA,NA,NA,NA,NA,NA,NA,NA,NA,NA,NA,NA,NA,NA,NA,NA,NA,NA,NA,NA,NA,NA,NA,NA,NA,NA,NA,NA,NA,NA,NA,NA,NA
Pinus_resinosa,56,Pin_Res,NA,125,0,0.0,0,0,1,1,1.0921999999999998,FVS FFE,25.6,FVS FFE,4.0,FVS FFE,4.0,FVS FFE,NA,NA,43.5,TRY,NA,NA,36.0,TRY,11.268723,TRY,8.669283,TRY,NA,NA,NA,NA,29.714286,TRY,335.66667,TRY,9.84,TRY,4.094002,TRY,0.51,TRY,1.0,TRY,1,Schwilk&Ackerly,7,Schwilk&Ackerly,NA,NA,NA,NA,NA,NA,NA,NA
Pinus_rigida,57,Pin_Rig,NA,126,0,0.0,0,0,1,1,1.1429999999999998,FVS FFE,29.3,FVS FFE,4.0,FVS FFE,2.0,FVS FFE,NA,NA,NA,NA,NA,NA,33.0,TRY,9.82,TRY,18.584071,TRY,NA,NA,0.1625,TRY,21.714286,TRY,275.0,TRY,7.68,TRY,4.89,TRY,0.52,TRY,0.85,TRY,10,Schwilk&Ackerly,3,Schwilk&Ackerly,NA,NA,NA,NA,NA,NA,NA,NA
Pinus_sabiniana,58,Pin_Sab,34,NA,0,0.0,1,1,1,1,0.8382,FVS FFE,23.7,FVS FFE,4.0,FVS FFE,3.0,FVS FFE,NA,NA,NA,NA,NA,NA,NA,NA,NA,NA,NA,NA,NA,NA,0.15,TRY,22.584615,TRY,200.0,TRY,478.0,TRY,NA,NA,NA,NA,1.05,TRY,3,Schwilk&Ackerly,5,Schwilk&Ackerly,75.71428571428571,Banwell and Varner unpub data,76.14285714285714,Banwell and Varner unpub data,88.8,Banwell and Varner unpub data,327.85714285714283,Banwell and Varner unpub data
Pinus_serotina,59,Pin_Ser,NA,128,0,0.0,0,0,1,1,8.6614,FVS FFE,31.8,FVS FFE,4.0,FVS FFE,2.0,FVS FFE,NA,NA,NA,NA,NA,NA,27.0,TRY,8.2,TRY,NA,NA,NA,NA,0.16,TRY,21.857143,TRY,NA,NA,8.37,TRY,3.59,TRY,0.58,TRY,0.6,TRY,10,Schwilk&Ackerly,1,Schwilk&Ackerly,NA,NA,NA,NA,NA,NA,NA,NA
Pinus_spp.,60,Pin_Spp,NA,100,1,NA,NA,NA,1,1,0.7619999999999999,FVS FFE,25.6,FVS FFE,4.0,FVS FFE,2.0,FVS FFE,NA,NA,NA,NA,NA,NA,NA,NA,NA,NA,NA,NA,NA,NA,NA,NA,NA,NA,NA,NA,NA,NA,NA,NA,NA,NA,NA,NA,NA,NA,NA,NA,NA,NA,NA,NA,NA,NA,NA,NA
Pinus_strobus,61,Pin_Str,NA,129,0,0.0,0,0,1,1,1.1429999999999998,FVS FFE,21.2,FVS FFE,4.0,FVS FFE,2.0,FVS FFE,NA,NA,26.1,TRY,NA,NA,21.0,TRY,16.133334,TRY,7.073171,TRY,NA,NA,1.174,TRY,45.281081,TRY,322.72727,TRY,16.4,TRY,6.867957,TRY,0.37,TRY,1.35,TRY,1,Schwilk&Ackerly,3,Schwilk&Ackerly,NA,NA,NA,NA,NA,NA,NA,NA
Pinus_sylvestris,62,Pin_Syl,NA,130,0,0.0,NA,NA,1,1,0.7619999999999999,FVS FFE,25.6,FVS FFE,4.0,FVS FFE,3.0,FVS FFE,76.4139,TRY,32.05016,TRY,NA,NA,30.0,TRY,11.334464,TRY,12.827173,TRY,2.2253846,TRY,0.175,TRY,12.759543,TRY,490.83333,TRY,8.66,TRY,4.726488,TRY,0.4045158,TRY,0.04968858,TRY,0,Schwilk&Ackerly,NA,NA,NA,NA,NA,NA,NA,NA,NA,NA
Pinus_taeda,63,Pin_Tae,NA,131,0,0.0,0,0,1,1,1.3208,FVS FFE,29.3,FVS FFE,4.0,FVS FFE,3.0,FVS FFE,140.49976,TRY,42.0,TRY,95.88575,TRY,NA,NA,9.218158,TRY,12.0,TRY,0.369,TRY,0.1065696,TRY,17.104681,TRY,242.5,TRY,26.3,TRY,9.150222,TRY,0.54,TRY,0.19268571,TRY,1,Schwilk&Ackerly,8,Schwilk&Ackerly,NA,NA,NA,NA,NA,NA,NA,NA
Pinus_virginiana,64,Pin_Vir,NA,132,0,0.0,0,0,1,1,0.8382,FVS FFE,28.1,FVS FFE,4.0,FVS FFE,3.0,FVS FFE,52.5177,TRY,NA,NA,54.55335,TRY,NA,NA,NA,NA,NA,NA,0.54875,TRY,0.1109087,TRY,24.125,TRY,150.0,TRY,7.68,TRY,4.59073,TRY,0.52,TRY,0.43333333,TRY,10,Schwilk&Ackerly,2,Schwilk&Ackerly,NA,NA,NA,NA,NA,NA,NA,NA
Piscidia_piscipula,306,Pis_Pis,NA,887,NA,NA,NA,NA,NA,0,NA,NA,NA,NA,NA,NA,NA,NA,NA,NA,NA,NA,NA,NA,NA,NA,NA,NA,NA,NA,NA,NA,NA,NA,NA,NA,NA,NA,NA,NA,NA,NA,NA,NA,NA,NA,NA,NA,NA,NA,NA,NA,NA,NA,NA,NA,NA,NA
Planera_aquatica,307,Pla_Aqu,NA,722,NA,NA,NA,NA,NA,0,NA,NA,NA,NA,NA,NA,NA,NA,NA,NA,NA,NA,NA,NA,NA,NA,NA,NA,NA,NA,NA,NA,NA,NA,NA,NA,NA,NA,NA,NA,NA,NA,NA,NA,NA,NA,NA,NA,NA,NA,NA,NA,NA,NA,NA,NA,NA,NA
Platanus_occidentalis,161,Pla_Occ,NA,731,0,0.0,0,0,0,1,0.8382,FVS FFE,28.7,FVS FFE,4.0,FVS FFE,1.0,FVS FFE,NA,NA,NA,NA,NA,NA,NA,NA,22.4,TRY,14.933333,TRY,NA,NA,20.6,TRY,37.375,TRY,250.0,TRY,2.49,TRY,23.28,TRY,0.45,TRY,4.0,TRY,NA,NA,NA,NA,NA,NA,NA,NA,NA,NA,NA,NA
Platanus_racemosa,162,Pla_Rac,NA,NA,0,0.0,1,1,0,1,0.8382,FVS FFE,28.7,FVS FFE,4.0,FVS FFE,1.0,FVS FFE,NA,NA,NA,NA,NA,NA,NA,NA,NA,NA,NA,NA,NA,NA,17.5,TRY,NA,NA,NA,NA,NA,NA,NA,NA,NA,NA,2.0,TRY,NA,NA,NA,NA,NA,NA,NA,NA,NA,NA,NA,NA
Platanus_spp.,308,Pla_Spp,NA,729,NA,NA,NA,NA,NA,0,NA,NA,NA,NA,NA,NA,NA,NA,NA,NA,NA,NA,NA,NA,NA,NA,NA,NA,NA,NA,NA,NA,NA,NA,NA,NA,NA,NA,NA,NA,NA,NA,NA,NA,NA,NA,NA,NA,NA,NA,NA,NA,NA,NA,NA,NA,NA,NA
Populus_alba,309,Pop_Alb,NA,752,NA,NA,NA,NA,NA,0,NA,NA,NA,NA,NA,NA,NA,NA,NA,NA,NA,NA,NA,NA,NA,NA,NA,NA,NA,NA,NA,NA,NA,NA,NA,NA,NA,NA,NA,NA,NA,NA,NA,NA,NA,NA,NA,NA,NA,NA,NA,NA,NA,NA,NA,NA,NA,NA
Populus_balsamifera,163,Pop_Bal,NA,741,0,0.0,1,1,0,1,1.016,FVS FFE,19.3,FVS FFE,4.0,FVS FFE,1.0,FVS FFE,NA,NA,NA,NA,NA,NA,NA,NA,18.25019,TRY,9.824495,TRY,NA,NA,NA,NA,26.2,TRY,200.0,TRY,0.3,TRY,NA,NA,0.35,TRY,NA,NA,NA,NA,NA,NA,NA,NA,NA,NA,NA,NA,NA,NA
Populus_deltoides,164,Pop_Del,NA,742,0,0.0,1,0,0,1,1.016,FVS FFE,23.1,FVS FFE,4.0,FVS FFE,1.0,FVS FFE,NA,NA,21.2,TRY,NA,NA,5.0,TRY,20.79,TRY,14.444444,TRY,NA,NA,NA,NA,31.452692,TRY,NA,NA,1.25,TRY,13.01994,TRY,0.4160115,TRY,NA,NA,NA,NA,NA,NA,NA,NA,NA,NA,NA,NA,NA,NA
Populus_fremontii,165,Pop_Fre,NA,NA,0,0.0,1,1,0,1,NA,NA,NA,NA,NA,NA,NA,NA,NA,NA,NA,NA,NA,NA,NA,NA,NA,NA,NA,NA,NA,NA,NA,NA,NA,NA,NA,NA,NA,NA,NA,NA,NA,NA,NA,NA,NA,NA,NA,NA,NA,NA,NA,NA,NA,NA,NA,NA
Populus_grandidentata,166,Pop_Gra,NA,743,0,0.0,0,0,0,1,0.9905999999999999,FVS FFE,22.5,FVS FFE,4.0,FVS FFE,1.0,FVS FFE,NA,NA,NA,NA,NA,NA,NA,NA,16.1,TRY,10.0,TRY,NA,NA,NA,NA,16.586667,TRY,100.0,TRY,0.164,TRY,20.051504,TRY,0.41,TRY,NA,NA,NA,NA,NA,NA,NA,NA,NA,NA,NA,NA,NA,NA
Populus_heterophylla,167,Pop_Het,NA,744,0,0.0,0,0,0,1,1.27,FVS FFE,23.1,FVS FFE,4.0,FVS FFE,1.0,FVS FFE,NA,NA,NA,NA,NA,NA,NA,NA,NA,NA,NA,NA,NA,NA,NA,NA,37.5,TRY,80.0,TRY,3.01,TRY,14.34,TRY,NA,NA,NA,NA,NA,NA,NA,NA,NA,NA,NA,NA,NA,NA,NA,NA
Populus_nigra,310,Pop_Nig,NA,753,NA,NA,NA,NA,NA,0,NA,NA,NA,NA,NA,NA,NA,NA,NA,NA,NA,NA,NA,NA,NA,NA,NA,NA,NA,NA,NA,NA,NA,NA,NA,NA,NA,NA,NA,NA,NA,NA,NA,NA,NA,NA,NA,NA,NA,NA,NA,NA,NA,NA,NA,NA,NA,NA
Populus_spp.,168,Pop_Spp,NA,740,1,NA,NA,NA,0,1,1.016,FVS FFE,23.1,FVS FFE,4.0,FVS FFE,1.0,FVS FFE,NA,NA,NA,NA,NA,NA,NA,NA,NA,NA,NA,NA,NA,NA,NA,NA,NA,NA,NA,NA,NA,NA,NA,NA,NA,NA,NA,NA,NA,NA,NA,NA,NA,NA,NA,NA,NA,NA,NA,NA
Populus_tremuloides,169,Pop_Tre,NA,746,0,0.0,1,1,0,1,1.1176,FVS FFE,21.8,FVS FFE,4.0,FVS FFE,1.0,FVS FFE,1463.13604,TRY,22.6,TRY,NA,NA,4.533333,TRY,18.717835,TRY,10.992999,TRY,NA,NA,5.0,TRY,6.000845,TRY,156.5,TRY,0.159,TRY,14.785341,TRY,0.365,TRY,0.11635345,TRY,NA,NA,NA,NA,NA,NA,NA,NA,NA,NA,NA,NA
Populus_trichocarpa,170,Pop_Tri,NA,NA,0,0.0,1,1,0,1,1.1176,FVS FFE,19.3,FVS FFE,4.0,FVS FFE,1.0,FVS FFE,NA,NA,NA,NA,NA,NA,NA,NA,NA,NA,NA,NA,NA,NA,NA,NA,33.5,TRY,86.66667,TRY,NA,NA,18.233333,TRY,0.37,TRY,NA,NA,NA,NA,NA,NA,NA,NA,NA,NA,NA,NA,NA,NA
Prosopis_glandulosa,311,Pro_Gla,NA,756,NA,NA,NA,NA,NA,0,NA,NA,NA,NA,NA,NA,NA,NA,NA,NA,NA,NA,NA,NA,NA,NA,NA,NA,NA,NA,NA,NA,NA,NA,NA,NA,NA,NA,NA,NA,NA,NA,NA,NA,NA,NA,NA,NA,NA,NA,NA,NA,NA,NA,NA,NA,NA,NA
Prosopis_pubescens,312,Pro_Pub,NA,758,NA,NA,NA,NA,NA,0,NA,NA,NA,NA,NA,NA,NA,NA,NA,NA,NA,NA,NA,NA,NA,NA,NA,NA,NA,NA,NA,NA,NA,NA,NA,NA,NA,NA,NA,NA,NA,NA,NA,NA,NA,NA,NA,NA,NA,NA,NA,NA,NA,NA,NA,NA,NA,NA
Prosopis_spp.,313,Pro_Spp,NA,755,NA,NA,NA,NA,NA,0,NA,NA,NA,NA,NA,NA,NA,NA,NA,NA,NA,NA,NA,NA,NA,NA,NA,NA,NA,NA,NA,NA,NA,NA,NA,NA,NA,NA,NA,NA,NA,NA,NA,NA,NA,NA,NA,NA,NA,NA,NA,NA,NA,NA,NA,NA,NA,NA
Prunus_americana,314,Pru_Ame,NA,766,NA,NA,NA,NA,NA,0,NA,NA,NA,NA,NA,NA,NA,NA,NA,NA,NA,NA,NA,NA,NA,NA,NA,NA,NA,NA,NA,NA,NA,NA,NA,NA,NA,NA,NA,NA,NA,NA,NA,NA,NA,NA,NA,NA,NA,NA,NA,NA,NA,NA,NA,NA,NA,NA
Prunus_avium,315,Pru_Avi,NA,771,NA,NA,NA,NA,NA,0,NA,NA,NA,NA,NA,NA,NA,NA,NA,NA,NA,NA,NA,NA,NA,NA,NA,NA,NA,NA,NA,NA,NA,NA,NA,NA,NA,NA,NA,NA,NA,NA,NA,NA,NA,NA,NA,NA,NA,NA,NA,NA,NA,NA,NA,NA,NA,NA
Prunus_emarginata,171,Pru_Ema,NA,NA,0,0.0,1,1,0,1,1.5748,FVS FFE,29.3,FVS FFE,2.0,FVS FFE,1.0,FVS FFE,2701.31444,TRY,NA,NA,NA,NA,NA,NA,NA,NA,NA,NA,NA,NA,NA,NA,8.0,TRY,37.33333,TRY,NA,NA,15.030801,TRY,NA,NA,NA,NA,NA,NA,NA,NA,NA,NA,NA,NA,NA,NA,NA,NA
Prunus_nigra,316,Pru_Nig,NA,765,NA,NA,NA,NA,NA,0,NA,NA,NA,NA,NA,NA,NA,NA,NA,NA,NA,NA,NA,NA,NA,NA,NA,NA,NA,NA,NA,NA,NA,NA,NA,NA,NA,NA,NA,NA,NA,NA,NA,NA,NA,NA,NA,NA,NA,NA,NA,NA,NA,NA,NA,NA,NA,NA
Prunus_pensylvanica,172,Pru_Pen,NA,761,0,0.0,1,0,0,1,1.1429999999999998,FVS FFE,29.3,FVS FFE,2.0,FVS FFE,1.0,FVS FFE,NA,NA,NA,NA,NA,NA,NA,NA,22.0,TRY,10.47619,TRY,NA,NA,NA,NA,17.5,TRY,30.0,TRY,34.4,TRY,14.48,TRY,0.36,TRY,0.305,TRY,NA,NA,NA,NA,NA,NA,NA,NA,NA,NA,NA,NA
Prunus_persica,317,Pru_Per,NA,764,NA,NA,NA,NA,NA,0,NA,NA,NA,NA,NA,NA,NA,NA,NA,NA,NA,NA,NA,NA,NA,NA,NA,NA,NA,NA,NA,NA,NA,NA,NA,NA,NA,NA,NA,NA,NA,NA,NA,NA,NA,NA,NA,NA,NA,NA,NA,NA,NA,NA,NA,NA,NA,NA
Prunus_serotina,173,Pru_Ser,NA,762,0,0.0,0,0,0,1,0.7619999999999999,FVS FFE,29.3,FVS FFE,2.0,FVS FFE,1.0,FVS FFE,2703.38713,TRY,23.72883,TRY,83.2,TRY,5.5,TRY,19.056489,TRY,6.4,TRY,NA,NA,3.76,TRY,12.055932,TRY,186.0,TRY,96.8,TRY,18.178799,TRY,0.5893613,TRY,1.2,TRY,NA,NA,NA,NA,NA,NA,NA,NA,NA,NA,NA,NA
Prunus_spp.,174,Pru_Spp,NA,760,1,NA,NA,NA,0,1,1.27,FVS FFE,29.3,FVS FFE,2.0,FVS FFE,1.0,FVS FFE,NA,NA,NA,NA,NA,NA,NA,NA,NA,NA,NA,NA,NA,NA,NA,NA,NA,NA,NA,NA,NA,NA,NA,NA,NA,NA,NA,NA,NA,NA,NA,NA,NA,NA,NA,NA,NA,NA,NA,NA
Prunus_virginiana,175,Pru_Vir,NA,763,0,0.0,1,1,0,1,NA,NA,29.3,FVS FFE,2.0,FVS FFE,1.0,FVS FFE,1688.13326,TRY,NA,NA,NA,NA,NA,NA,16.0,TRY,NA,NA,NA,NA,NA,NA,7.0,TRY,505.0,TRY,61.3,TRY,16.300917,TRY,NA,NA,NA,NA,NA,NA,NA,NA,NA,NA,NA,NA,NA,NA,NA,NA
Pseudotsuga_menziesii,65,Pse_Men,35,202,0,0.0,1,1,1,1,1.6001999999999998,FVS FFE,28.4,FVS FFE,3.0,FVS FFE,5.0,FVS FFE,28.1,TRY,45.0,TRY,21.9165,TRY,NA,NA,13.333182,TRY,3.299177,TRY,0.5075,TRY,0.2107917,TRY,54.256194,TRY,763.33333,TRY,13.8,TRY,11.253217,TRY,0.4433333,TRY,1.32337864,TRY,1,FEIS,5,FEIS,105.8,Fonda et al. 1998 Northwest Sci,26.2,Fonda et al. 1998 Northwest Sci,26.6,Fonda et al. 1998 Northwest Sci,21.8,Fonda et al. 1998 Northwest Sci
Quercus_agrifolia,176,Que_Agr,NA,NA,0,0.0,1,1,0,1,1.27,FVS FFE,49.9,FVS FFE,2.0,FVS FFE,1.0,FVS FFE,1565.01833,TRY,NA,NA,NA,NA,NA,NA,15.25,TRY,NA,NA,0.1977778,TRY,2.5,TRY,12.75,TRY,250.0,TRY,NA,NA,12.714439,TRY,NA,NA,NA,NA,NA,NA,NA,NA,NA,NA,NA,NA,NA,NA,NA,NA
Quercus_alba,177,Que_Alb,NA,802,0,0.0,0,0,0,1,1.016,FVS FFE,37.4,FVS FFE,2.0,FVS FFE,1.0,FVS FFE,7542.79751,TRY,27.2,TRY,NA,NA,NA,NA,20.588132,TRY,12.866242,TRY,NA,NA,9.625,TRY,29.789474,TRY,600.0,TRY,3020.0,TRY,15.162577,TRY,0.685,TRY,0.56571429,TRY,NA,NA,NA,NA,NA,NA,NA,NA,NA,NA,NA,NA
Quercus_bicolor,178,Que_Bic,NA,804,0,0.0,0,0,0,1,1.1429999999999998,FVS FFE,39.9,FVS FFE,2.0,FVS FFE,1.0,FVS FFE,NA,NA,NA,NA,NA,NA,NA,NA,NA,NA,NA,NA,NA,NA,9.5,TRY,22.235294,TRY,325.0,TRY,NA,NA,NA,NA,0.6833333,TRY,NA,NA,NA,NA,NA,NA,NA,NA,NA,NA,NA,NA,NA,NA
Quercus_chrysolepsis,179,Que_Chr,NA,805,0,0.0,1,1,0,1,0.6096,FVS FFE,49.9,FVS FFE,2.0,FVS FFE,1.0,FVS FFE,NA,NA,NA,NA,NA,NA,NA,NA,NA,NA,NA,NA,NA,NA,NA,NA,NA,NA,NA,NA,NA,NA,NA,NA,NA,NA,NA,NA,NA,NA,NA,NA,NA,NA,NA,NA,NA,NA,NA,NA
Quercus_coccinea,180,Que_Coc,NA,806,0,0.0,0,0,0,1,1.016,FVS FFE,37.4,FVS FFE,2.5,FVS FFE,1.0,FVS FFE,NA,NA,NA,NA,NA,NA,5.7,TRY,11.76,TRY,16.880734,TRY,NA,NA,10.5,TRY,24.333333,TRY,NA,NA,NA,NA,11.8,TRY,0.6333333,TRY,NA,NA,NA,NA,NA,NA,NA,NA,NA,NA,NA,NA,NA,NA
Quercus_douglasii,181,Que_Dou,NA,NA,0,0.0,1,1,0,1,0.8382,FVS FFE,37.4,FVS FFE,2.0,FVS FFE,1.0,FVS FFE,1035.0,TRY,NA,NA,NA,NA,NA,NA,18.983724,TRY,NA,NA,NA,NA,2.625,TRY,19.744444,TRY,395.0,TRY,21900.0,TRY,7.659193,TRY,0.75,TRY,NA,NA,NA,NA,NA,NA,NA,NA,NA,NA,NA,NA,NA,NA
Quercus_ellipsoidalis,182,Que_Ell,NA,809,0,0.0,0,0,0,1,NA,NA,36.2,FVS FFE,2.0,FVS FFE,1.0,FVS FFE,NA,NA,23.8,TRY,NA,NA,6.0,TRY,19.3,TRY,NA,NA,NA,NA,7.5,TRY,21.0,TRY,NA,NA,NA,NA,14.64536,TRY,NA,NA,NA,NA,NA,NA,NA,NA,NA,NA,NA,NA,NA,NA,NA,NA
Quercus_emoryi,318,Que_Emo,NA,810,NA,NA,NA,NA,NA,0,NA,NA,NA,NA,NA,NA,NA,NA,NA,NA,NA,NA,NA,NA,NA,NA,NA,NA,NA,NA,NA,NA,NA,NA,NA,NA,NA,NA,NA,NA,NA,NA,NA,NA,NA,NA,NA,NA,NA,NA,NA,NA,NA,NA,NA,NA,NA,NA
Quercus_engelmanni,183,Que_Eng,NA,NA,0,0.0,1,1,0,1,1.4986,FVS FFE,37.4,FVS FFE,2.0,FVS FFE,1.0,FVS FFE,NA,NA,NA,NA,NA,NA,NA,NA,NA,NA,NA,NA,NA,NA,NA,NA,NA,NA,NA,NA,NA,NA,NA,NA,NA,NA,NA,NA,NA,NA,NA,NA,NA,NA,NA,NA,NA,NA,NA,NA
Quercus_falcata,184,Que_Fal,NA,812,0,0.0,0,0,0,1,1.1176,FVS FFE,35.2,FVS FFE,2.5,FVS FFE,1.0,FVS FFE,6640.87895,TRY,NA,NA,117.48296,TRY,NA,NA,NA,NA,NA,NA,0.1505,TRY,6.5879679,TRY,13.527778,TRY,150.0,TRY,840.0,TRY,11.72416,TRY,0.627,TRY,NA,NA,NA,NA,NA,NA,NA,NA,NA,NA,NA,NA,NA,NA
Quercus_gambelii,319,Que_Gam,NA,814,NA,NA,NA,NA,NA,0,NA,NA,NA,NA,NA,NA,NA,NA,NA,NA,NA,NA,NA,NA,NA,NA,NA,NA,NA,NA,NA,NA,NA,NA,NA,NA,NA,NA,NA,NA,NA,NA,NA,NA,NA,NA,NA,NA,NA,NA,NA,NA,NA,NA,NA,NA,NA,NA
Quercus_garryana,185,Que_Gar,NA,NA,0,0.0,1,1,0,1,0.7366,FVS FFE,37.4,FVS FFE,2.0,FVS FFE,1.0,FVS FFE,NA,NA,NA,NA,NA,NA,NA,NA,NA,NA,NA,NA,NA,NA,5.0,TRY,22.275,TRY,443.33333,TRY,5e3,TRY,NA,NA,0.64,TRY,NA,NA,NA,NA,NA,NA,NA,NA,NA,NA,NA,NA,NA,NA
Quercus_grisea,320,Que_Gri,NA,846,NA,NA,NA,NA,NA,0,NA,NA,NA,NA,NA,NA,NA,NA,NA,NA,NA,NA,NA,NA,NA,NA,NA,NA,NA,NA,NA,NA,NA,NA,NA,NA,NA,NA,NA,NA,NA,NA,NA,NA,NA,NA,NA,NA,NA,NA,NA,NA,NA,NA,NA,NA,NA,NA
Quercus_hypoleucoides,321,Que_Hyp,NA,843,NA,NA,NA,NA,NA,0,NA,NA,NA,NA,NA,NA,NA,NA,NA,NA,NA,NA,NA,NA,NA,NA,NA,NA,NA,NA,NA,NA,NA,NA,NA,NA,NA,NA,NA,NA,NA,NA,NA,NA,NA,NA,NA,NA,NA,NA,NA,NA,NA,NA,NA,NA,NA,NA
Quercus_ilicifolia,322,Que_Ili,NA,816,NA,NA,NA,NA,NA,0,NA,NA,NA,NA,NA,NA,NA,NA,NA,NA,NA,NA,NA,NA,NA,NA,NA,NA,NA,NA,NA,NA,NA,NA,NA,NA,NA,NA,NA,NA,NA,NA,NA,NA,NA,NA,NA,NA,NA,NA,NA,NA,NA,NA,NA,NA,NA,NA
Quercus_imbricaria,186,Que_Imb,NA,817,0,0.0,0,0,0,1,1.0413999999999999,FVS FFE,34.9,FVS FFE,2.0,FVS FFE,1.0,FVS FFE,NA,NA,NA,NA,NA,NA,NA,NA,NA,NA,NA,NA,NA,NA,4.5,TRY,18.0,TRY,NA,NA,NA,NA,NA,NA,NA,NA,NA,NA,NA,NA,NA,NA,NA,NA,NA,NA,NA,NA,NA,NA
Quercus_incana,323,Que_Inc,NA,842,NA,NA,NA,NA,NA,0,NA,NA,NA,NA,NA,NA,NA,NA,NA,NA,NA,NA,NA,NA,NA,NA,NA,NA,NA,NA,NA,NA,NA,NA,NA,NA,NA,NA,NA,NA,NA,NA,NA,NA,NA,NA,NA,NA,NA,NA,NA,NA,NA,NA,NA,NA,NA,NA
Quercus_kelloggii,187,Que_Kel,NA,818,0,0.0,1,1,0,1,0.7619999999999999,FVS FFE,34.9,FVS FFE,2.0,FVS FFE,1.0,FVS FFE,4367.0,TRY,NA,NA,NA,NA,NA,NA,16.75,TRY,8.010471,TRY,NA,NA,9.0,TRY,35.066667,TRY,500.0,TRY,5670.0,TRY,9.8395,TRY,0.615,TRY,NA,NA,NA,NA,NA,NA,NA,NA,NA,NA,NA,NA,NA,NA
Quercus_laevis,188,Que_Lae,NA,819,0,0.0,0,0,0,1,0.9397999999999999,FVS FFE,34.9,FVS FFE,3.0,FVS FFE,1.0,FVS FFE,11505.62162,TRY,NA,NA,195.9,TRY,7.6,TRY,11.5,TRY,NA,NA,NA,NA,13.6983333,TRY,7.75,TRY,NA,NA,5300.0,TRY,9.470647,TRY,0.639,TRY,NA,NA,NA,NA,NA,NA,NA,NA,NA,NA,NA,NA,NA,NA
Quercus_laurifolia,189,Que_Lau,NA,820,0,0.0,0,0,0,1,0.9143999999999999,FVS FFE,34.9,FVS FFE,3.0,FVS FFE,1.0,FVS FFE,2096.875,TRY,NA,NA,87.27,TRY,NA,NA,NA,NA,NA,NA,NA,NA,3.6816667,TRY,13.567568,TRY,50.0,TRY,810.0,TRY,13.345807,TRY,0.6535,TRY,NA,NA,NA,NA,NA,NA,NA,NA,NA,NA,NA,NA,NA,NA
Quercus_lobata,190,Que_Lob,NA,NA,0,0.0,1,1,0,1,1.0921999999999998,FVS FFE,37.4,FVS FFE,2.0,FVS FFE,1.0,FVS FFE,2485.0,TRY,NA,NA,NA,NA,NA,NA,24.55,TRY,NA,NA,NA,NA,5.5,TRY,25.933333,TRY,NA,NA,4120.0,TRY,9.136333,TRY,0.7,TRY,NA,NA,NA,NA,NA,NA,NA,NA,NA,NA,NA,NA,NA,NA
Quercus_lyrata,191,Que_Lyr,NA,822,0,0.0,0,0,0,1,0.9905999999999999,FVS FFE,35.6,FVS FFE,3.0,FVS FFE,1.0,FVS FFE,NA,NA,NA,NA,NA,NA,NA,NA,NA,NA,NA,NA,NA,NA,9.0,TRY,22.818182,TRY,400.0,TRY,3250.0,TRY,NA,NA,0.64,TRY,NA,NA,NA,NA,NA,NA,NA,NA,NA,NA,NA,NA,NA,NA
Quercus_macrocarpa,192,Que_Mac,NA,823,0,0.0,0,0,0,1,1.0668,FVS FFE,36.2,FVS FFE,2.0,FVS FFE,1.0,FVS FFE,NA,NA,21.3,TRY,NA,NA,6.0,TRY,23.5,TRY,NA,NA,NA,NA,9.5,TRY,32.866667,TRY,400.0,TRY,6050.0,TRY,14.237501,TRY,0.67,TRY,2.1,TRY,NA,NA,NA,NA,NA,NA,NA,NA,NA,NA,NA,NA
Quercus_marilandica,193,Que_Mar,NA,840,0,0.0,0,0,0,1,0.9397999999999999,FVS FFE,34.9,FVS FFE,2.0,FVS FFE,1.0,FVS FFE,NA,NA,NA,NA,NA,NA,NA,NA,13.786,TRY,13.855276,TRY,NA,NA,10.3333333,TRY,20.0,TRY,NA,NA,NA,NA,NA,NA,NA,NA,NA,NA,NA,NA,NA,NA,NA,NA,NA,NA,NA,NA,NA,NA
Quercus_marilandica,194,Que_Mar,NA,824,0,0.0,0,0,0,1,0.9397999999999999,FVS FFE,34.9,FVS FFE,2.0,FVS FFE,1.0,FVS FFE,NA,NA,NA,NA,NA,NA,NA,NA,13.786,TRY,13.855276,TRY,NA,NA,10.3333333,TRY,20.0,TRY,NA,NA,NA,NA,NA,NA,NA,NA,NA,NA,NA,NA,NA,NA,NA,NA,NA,NA,NA,NA,NA,NA
Quercus_michauxii,195,Que_Mic,NA,825,0,0.0,0,0,0,1,1.1683999999999999,FVS FFE,37.4,FVS FFE,2.5,FVS FFE,1.0,FVS FFE,10514.22222,TRY,NA,NA,141.6,TRY,NA,NA,NA,NA,NA,NA,NA,NA,9.53,TRY,9.694444,TRY,NA,NA,6890.0,TRY,19.141598,TRY,0.7315,TRY,NA,NA,NA,NA,NA,NA,NA,NA,NA,NA,NA,NA,NA,NA
Quercus_minima,324,Que_Min,NA,841,NA,NA,NA,NA,NA,0,NA,NA,NA,NA,NA,NA,NA,NA,NA,NA,NA,NA,NA,NA,NA,NA,NA,NA,NA,NA,NA,NA,NA,NA,NA,NA,NA,NA,NA,NA,NA,NA,NA,NA,NA,NA,NA,NA,NA,NA,NA,NA,NA,NA,NA,NA,NA,NA
Quercus_muehlenbergii,196,Que_Mue,NA,826,0,0.0,0,0,0,1,1.0668,FVS FFE,37.4,FVS FFE,2.0,FVS FFE,1.0,FVS FFE,NA,NA,NA,NA,NA,NA,NA,NA,NA,NA,NA,NA,NA,NA,5.9,TRY,20.888889,TRY,NA,NA,NA,NA,19.646365,TRY,NA,NA,NA,NA,NA,NA,NA,NA,NA,NA,NA,NA,NA,NA,NA,NA
Quercus_nigra,197,Que_Nig,NA,827,0,0.0,0,0,0,1,0.9143999999999999,FVS FFE,34.9,FVS FFE,2.0,FVS FFE,1.0,FVS FFE,2712.26797,TRY,NA,NA,85.6865,TRY,NA,NA,NA,NA,NA,NA,0.14575,TRY,3.8899848,TRY,11.666667,TRY,NA,NA,1140.0,TRY,13.758322,TRY,0.6915,TRY,NA,NA,NA,NA,NA,NA,NA,NA,NA,NA,NA,NA,NA,NA
Quercus_nutallii,198,Que_Nut,NA,NA,0,0.0,0,0,0,1,0.7619999999999999,FVS FFE,34.9,FVS FFE,3.0,FVS FFE,1.0,FVS FFE,NA,NA,NA,NA,NA,NA,NA,NA,NA,NA,NA,NA,NA,NA,NA,NA,NA,NA,NA,NA,NA,NA,NA,NA,NA,NA,NA,NA,NA,NA,NA,NA,NA,NA,NA,NA,NA,NA,NA,NA
Quercus_oglethorpensis,325,Que_Ogl,NA,844,NA,NA,NA,NA,NA,0,NA,NA,NA,NA,NA,NA,NA,NA,NA,NA,NA,NA,NA,NA,NA,NA,NA,NA,NA,NA,NA,NA,NA,NA,NA,NA,NA,NA,NA,NA,NA,NA,NA,NA,NA,NA,NA,NA,NA,NA,NA,NA,NA,NA,NA,NA,NA,NA
Quercus_pagoda,199,Que_Pag,NA,813,0,0.0,0,0,0,1,1.1176,FVS FFE,38.0,FVS FFE,2.5,FVS FFE,1.0,FVS FFE,NA,NA,NA,NA,NA,NA,NA,NA,NA,NA,NA,NA,NA,NA,11.0,TRY,26.0,TRY,150.0,TRY,NA,NA,NA,NA,NA,NA,NA,NA,NA,NA,NA,NA,NA,NA,NA,NA,NA,NA,NA,NA
Quercus_palustris,200,Que_Pal,NA,830,0,0.0,0,0,0,1,1.0413999999999999,FVS FFE,36.2,FVS FFE,2.5,FVS FFE,1.0,FVS FFE,NA,NA,NA,NA,NA,NA,NA,NA,NA,NA,NA,NA,NA,NA,8.0,TRY,28.913043,TRY,114.0,TRY,1020.0,TRY,NA,NA,0.655,TRY,1.5,TRY,NA,NA,NA,NA,NA,NA,NA,NA,NA,NA,NA,NA
Quercus_phellos,201,Que_Phe,NA,831,0,0.0,0,0,0,1,1.0413999999999999,FVS FFE,34.9,FVS FFE,2.0,FVS FFE,1.0,FVS FFE,NA,NA,NA,NA,NA,NA,NA,NA,NA,NA,NA,NA,NA,NA,1.75,TRY,29.769231,TRY,NA,NA,3070.0,TRY,NA,NA,0.69,TRY,NA,NA,NA,NA,NA,NA,NA,NA,NA,NA,NA,NA,NA,NA
Quercus_prinus,326,Que_Pri,NA,832,NA,NA,NA,NA,NA,0,NA,NA,NA,NA,NA,NA,NA,NA,NA,NA,NA,NA,NA,NA,NA,NA,NA,NA,NA,NA,NA,NA,NA,NA,NA,NA,NA,NA,NA,NA,NA,NA,NA,NA,NA,NA,NA,NA,NA,NA,NA,NA,NA,NA,NA,NA,NA,NA
Quercus_rubra,202,Que_Rub,NA,833,0,0.0,0,0,0,1,1.0668,FVS FFE,34.9,FVS FFE,2.333333,FVS FFE,1.0,FVS FFE,12035.78289,TRY,24.53333,TRY,NA,NA,NA,NA,20.550387,TRY,17.154567,TRY,NA,NA,10.75,TRY,24.990415,TRY,450.0,TRY,2710.0,TRY,15.705276,TRY,0.66,TRY,0.016304,TRY,NA,NA,NA,NA,NA,NA,NA,NA,NA,NA,NA,NA
Quercus_shumardii,203,Que_Shu,NA,834,0,0.0,0,0,0,1,0.9397999999999999,FVS FFE,34.9,FVS FFE,3.0,FVS FFE,1.0,FVS FFE,NA,NA,NA,NA,NA,NA,NA,NA,NA,NA,NA,NA,NA,NA,10.5,TRY,32.888889,TRY,480.0,TRY,4680.0,TRY,NA,NA,0.644,TRY,NA,NA,NA,NA,NA,NA,NA,NA,NA,NA,NA,NA,NA,NA
Quercus_similis,327,Que_Sim,NA,836,NA,NA,NA,NA,NA,0,NA,NA,NA,NA,NA,NA,NA,NA,NA,NA,NA,NA,NA,NA,NA,NA,NA,NA,NA,NA,NA,NA,NA,NA,NA,NA,NA,NA,NA,NA,NA,NA,NA,NA,NA,NA,NA,NA,NA,NA,NA,NA,NA,NA,NA,NA,NA,NA
Quercus_sinuata,328,Que_Sin,NA,808,NA,NA,NA,NA,NA,0,NA,NA,NA,NA,NA,NA,NA,NA,NA,NA,NA,NA,NA,NA,NA,NA,NA,NA,NA,NA,NA,NA,NA,NA,NA,NA,NA,NA,NA,NA,NA,NA,NA,NA,NA,NA,NA,NA,NA,NA,NA,NA,NA,NA,NA,NA,NA,NA
Quercus_spp.,204,Que_Spp,NA,800,1,NA,NA,NA,0,1,1.1429999999999998,FVS FFE,37.4,FVS FFE,2.0,FVS FFE,1.0,FVS FFE,NA,NA,NA,NA,NA,NA,NA,NA,24.404167,TRY,NA,NA,NA,NA,NA,NA,NA,NA,NA,NA,NA,NA,NA,NA,NA,NA,NA,NA,NA,NA,NA,NA,NA,NA,NA,NA,NA,NA,NA,NA
Quercus_stellata,205,Que_Ste,NA,835,0,0.0,0,0,0,1,1.1176,FVS FFE,37.4,FVS FFE,2.0,FVS FFE,1.0,FVS FFE,5019.16667,TRY,NA,NA,111.25033,TRY,NA,NA,15.402,TRY,10.688411,TRY,0.211,TRY,8.217697,TRY,20.6,TRY,350.0,TRY,1400.0,TRY,22.371487,TRY,0.7305,TRY,NA,NA,NA,NA,NA,NA,NA,NA,NA,NA,NA,NA,NA,NA
Quercus_texana,329,Que_Tex,NA,828,NA,NA,NA,NA,NA,0,NA,NA,NA,NA,NA,NA,NA,NA,NA,NA,NA,NA,NA,NA,NA,NA,NA,NA,NA,NA,NA,NA,NA,NA,NA,NA,NA,NA,NA,NA,NA,NA,NA,NA,NA,NA,NA,NA,NA,NA,NA,NA,NA,NA,NA,NA,NA,NA
Quercus_velutina,206,Que_Vel,NA,837,0,0.0,0,0,0,1,1.1429999999999998,FVS FFE,34.9,FVS FFE,2.333333,FVS FFE,1.0,FVS FFE,NA,NA,34.0,TRY,NA,NA,NA,NA,19.86,TRY,15.235294,TRY,NA,NA,11.5,TRY,31.714286,TRY,183.33333,TRY,3090.0,TRY,17.924844,TRY,0.67,TRY,NA,NA,NA,NA,NA,NA,NA,NA,NA,NA,NA,NA,NA,NA
Quercus_virginiana,207,Que_Vir,NA,838,0,0.0,0,0,0,1,1.0921999999999998,FVS FFE,49.9,FVS FFE,2.0,FVS FFE,1.0,FVS FFE,1398.11889,TRY,NA,NA,72.92,TRY,11.0,TRY,16.225,TRY,7.733645,TRY,0.2544444,TRY,3.315,TRY,15.410256,TRY,NA,NA,1290.0,TRY,7.408829,TRY,0.946,TRY,NA,NA,NA,NA,NA,NA,NA,NA,NA,NA,NA,NA,NA,NA
Quercus_wislizenii,208,Que_Wis,NA,NA,0,0.0,1,1,0,1,0.8636,FVS FFE,49.9,FVS FFE,2.0,FVS FFE,NA,NA,NA,NA,NA,NA,NA,NA,NA,NA,NA,NA,NA,NA,NA,NA,3.5,TRY,17.3,TRY,175.0,TRY,NA,NA,NA,NA,NA,NA,NA,NA,NA,NA,NA,NA,NA,NA,NA,NA,NA,NA,NA,NA
Rhizophora_mangle,330,Rhi_Man,NA,989,NA,NA,NA,NA,NA,0,NA,NA,NA,NA,NA,NA,NA,NA,NA,NA,NA,NA,NA,NA,NA,NA,NA,NA,NA,NA,NA,NA,NA,NA,NA,NA,NA,NA,NA,NA,NA,NA,NA,NA,NA,NA,NA,NA,NA,NA,NA,NA,NA,NA,NA,NA,NA,NA
Robinia_pseudoacacia,209,Rob_Pse,NA,901,0,0.0,1,1,0,1,1.2446,FVS FFE,41.2,FVS FFE,1.0,FVS FFE,1.0,FVS FFE,1931.0,TRY,NA,NA,50.0,TRY,4.6,TRY,38.063626,TRY,13.655172,TRY,NA,NA,2.0,TRY,17.452,TRY,126.66667,TRY,18.8,TRY,41.983681,TRY,0.7031972,TRY,0.68666667,TRY,NA,NA,NA,NA,NA,NA,NA,NA,NA,NA,NA,NA
Roystonea_spp.,331,Roy_Spp,NA,909,NA,NA,NA,NA,NA,0,NA,NA,NA,NA,NA,NA,NA,NA,NA,NA,NA,NA,NA,NA,NA,NA,NA,NA,NA,NA,NA,NA,NA,NA,NA,NA,NA,NA,NA,NA,NA,NA,NA,NA,NA,NA,NA,NA,NA,NA,NA,NA,NA,NA,NA,NA,NA,NA
Sabal_palmetto,332,Sab_Pal,NA,912,NA,NA,NA,NA,NA,0,NA,NA,NA,NA,NA,NA,NA,NA,NA,NA,NA,NA,NA,NA,NA,NA,NA,NA,NA,NA,NA,NA,NA,NA,NA,NA,NA,NA,NA,NA,NA,NA,NA,NA,NA,NA,NA,NA,NA,NA,NA,NA,NA,NA,NA,NA,NA,NA
Salix_alba,333,Sal_Alb,NA,927,NA,NA,NA,NA,NA,0,NA,NA,NA,NA,NA,NA,NA,NA,NA,NA,NA,NA,NA,NA,NA,NA,NA,NA,NA,NA,NA,NA,NA,NA,NA,NA,NA,NA,NA,NA,NA,NA,NA,NA,NA,NA,NA,NA,NA,NA,NA,NA,NA,NA,NA,NA,NA,NA
Salix_amygdaloides,334,Sal_Amy,NA,921,NA,NA,NA,NA,NA,0,NA,NA,NA,NA,NA,NA,NA,NA,NA,NA,NA,NA,NA,NA,NA,NA,NA,NA,NA,NA,NA,NA,NA,NA,NA,NA,NA,NA,NA,NA,NA,NA,NA,NA,NA,NA,NA,NA,NA,NA,NA,NA,NA,NA,NA,NA,NA,NA
Salix_bebbiana,335,Sal_Beb,NA,923,NA,NA,NA,NA,NA,0,NA,NA,NA,NA,NA,NA,NA,NA,NA,NA,NA,NA,NA,NA,NA,NA,NA,NA,NA,NA,NA,NA,NA,NA,NA,NA,NA,NA,NA,NA,NA,NA,NA,NA,NA,NA,NA,NA,NA,NA,NA,NA,NA,NA,NA,NA,NA,NA
Salix_caroliniana,336,Sal_Car,NA,925,NA,NA,NA,NA,NA,0,NA,NA,NA,NA,NA,NA,NA,NA,NA,NA,NA,NA,NA,NA,NA,NA,NA,NA,NA,NA,NA,NA,NA,NA,NA,NA,NA,NA,NA,NA,NA,NA,NA,NA,NA,NA,NA,NA,NA,NA,NA,NA,NA,NA,NA,NA,NA,NA
Salix_eriocephala,210,Sal_Eri,NA,NA,0,0.0,0,0,0,1,NA,NA,22.5,FVS FFE,4.0,FVS FFE,1.0,FVS FFE,NA,NA,NA,NA,NA,NA,NA,NA,NA,NA,NA,NA,NA,NA,NA,NA,NA,NA,NA,NA,NA,NA,NA,NA,NA,NA,NA,NA,NA,NA,NA,NA,NA,NA,NA,NA,NA,NA,NA,NA
Salix_nigra,211,Sal_Nig,NA,922,0,0.0,0,0,0,1,1.016,FVS FFE,22.5,FVS FFE,4.0,FVS FFE,1.0,FVS FFE,NA,NA,NA,NA,NA,NA,NA,NA,NA,NA,NA,NA,NA,NA,NA,NA,32.5,TRY,70.0,TRY,0.19,TRY,19.5,TRY,0.41,TRY,NA,NA,NA,NA,NA,NA,NA,NA,NA,NA,NA,NA,NA,NA
Salix_sepulcralis,337,Sal_Sep,NA,929,NA,NA,NA,NA,NA,0,NA,NA,NA,NA,NA,NA,NA,NA,NA,NA,NA,NA,NA,NA,NA,NA,NA,NA,NA,NA,NA,NA,NA,NA,NA,NA,NA,NA,NA,NA,NA,NA,NA,NA,NA,NA,NA,NA,NA,NA,NA,NA,NA,NA,NA,NA,NA,NA
Salix_spp.,212,Sal_Spp,NA,920,1,NA,NA,NA,0,1,1.0287,FVS FFE,22.5,FVS FFE,4.0,FVS FFE,1.0,FVS FFE,NA,NA,NA,NA,NA,NA,NA,NA,NA,NA,NA,NA,NA,NA,NA,NA,NA,NA,NA,NA,NA,NA,NA,NA,NA,NA,NA,NA,NA,NA,NA,NA,NA,NA,NA,NA,NA,NA,NA,NA
Sapindus_saponaria,338,Sap_Sap,NA,919,NA,NA,NA,NA,NA,0,NA,NA,NA,NA,NA,NA,NA,NA,NA,NA,NA,NA,NA,NA,NA,NA,NA,NA,NA,NA,NA,NA,NA,NA,NA,NA,NA,NA,NA,NA,NA,NA,NA,NA,NA,NA,NA,NA,NA,NA,NA,NA,NA,NA,NA,NA,NA,NA
Sassafras_albidum,213,Sas_Alb,NA,931,0,0.0,0,0,0,1,0.889,FVS FFE,26.2,FVS FFE,2.0,FVS FFE,1.0,FVS FFE,3513.38461,TRY,NA,NA,103.93306,TRY,NA,NA,NA,NA,NA,NA,0.1883333,TRY,6.4070263,TRY,7.158974,TRY,65.0,TRY,93.6,TRY,25.035417,TRY,0.47,TRY,NA,NA,NA,NA,NA,NA,NA,NA,NA,NA,NA,NA,NA,NA
Sequoia_sempervirens,67,Seq_Sem,37,211,0,0.0,1,1,1,1,2.0574,FVS FFE,21.2,FVS FFE,2.0,FVS FFE,5.0,FVS FFE,24.0,TRY,NA,NA,NA,NA,NA,NA,12.3,TRY,NA,NA,NA,NA,NA,NA,95.165217,TRY,1728.57143,TRY,3.84,TRY,11.018,TRY,0.46,TRY,5.53333333,TRY,1,FEIS,5,FEIS,73.4,Fonda et al. 1998 Northwest Sci,59.4,Fonda et al. 1998 Northwest Sci,86.1,Fonda et al. 1998 Northwest Sci,317.3,Fonda et al. 1998 Northwest Sci
Sequoiadendron_giganteum,66,Seq_Gig,36,212,0,0.0,1,1,1,1,2.0574,FVS FFE,21.2,FVS FFE,2.0,FVS FFE,5.0,FVS FFE,NA,NA,NA,NA,NA,NA,NA,NA,NA,NA,NA,NA,NA,NA,NA,NA,85.578947,TRY,2575.0,TRY,5.0,TRY,NA,NA,NA,NA,11.0,TRY,5,FEIS,8,FEIS,148.5,Fonda et al. 1998 Northwest Sci,42.6,Fonda et al. 1998 Northwest Sci,75.8,Fonda et al. 1998 Northwest Sci,242.6,Fonda et al. 1998 Northwest Sci
Sideroxylon_lanuginosum,339,Sid_Lan,NA,381,NA,NA,NA,NA,NA,0,NA,NA,NA,NA,NA,NA,NA,NA,NA,NA,NA,NA,NA,NA,NA,NA,NA,NA,NA,NA,NA,NA,NA,NA,NA,NA,NA,NA,NA,NA,NA,NA,NA,NA,NA,NA,NA,NA,NA,NA,NA,NA,NA,NA,NA,NA,NA,NA
Sorbus_americana,214,Sor_Ame,NA,935,0,0.0,0,0,0,1,0.9905999999999999,FVS FFE,20.0,FVS FFE,4.0,FVS FFE,1.0,FVS FFE,NA,NA,NA,NA,NA,NA,NA,NA,NA,NA,NA,NA,NA,NA,NA,NA,6.0,TRY,NA,NA,NA,NA,NA,NA,NA,NA,NA,NA,NA,NA,NA,NA,NA,NA,NA,NA,NA,NA,NA,NA
Sorbus_aucuparia,340,Sor_Auc,NA,936,NA,NA,NA,NA,NA,0,NA,NA,NA,NA,NA,NA,NA,NA,NA,NA,NA,NA,NA,NA,NA,NA,NA,NA,NA,NA,NA,NA,NA,NA,NA,NA,NA,NA,NA,NA,NA,NA,NA,NA,NA,NA,NA,NA,NA,NA,NA,NA,NA,NA,NA,NA,NA,NA
Syzygium_cumini,341,Syz_Cum,NA,896,NA,NA,NA,NA,NA,0,NA,NA,NA,NA,NA,NA,NA,NA,NA,NA,NA,NA,NA,NA,NA,NA,NA,NA,NA,NA,NA,NA,NA,NA,NA,NA,NA,NA,NA,NA,NA,NA,NA,NA,NA,NA,NA,NA,NA,NA,NA,NA,NA,NA,NA,NA,NA,NA
Tamarix_spp.,342,Tam_Spp,NA,991,NA,NA,NA,NA,NA,0,NA,NA,NA,NA,NA,NA,NA,NA,NA,NA,NA,NA,NA,NA,NA,NA,NA,NA,NA,NA,NA,NA,NA,NA,NA,NA,NA,NA,NA,NA,NA,NA,NA,NA,NA,NA,NA,NA,NA,NA,NA,NA,NA,NA,NA,NA,NA,NA
Taxodium_ascendens,343,Tax_Asc,NA,222,NA,NA,NA,NA,NA,0,NA,NA,NA,NA,NA,NA,NA,NA,NA,NA,NA,NA,NA,NA,NA,NA,NA,NA,NA,NA,NA,NA,NA,NA,NA,NA,NA,NA,NA,NA,NA,NA,NA,NA,NA,NA,NA,NA,NA,NA,NA,NA,NA,NA,NA,NA,NA,NA
Taxodium_distichum,69,Tax_Dis,NA,221,0,0.0,0,0,1,1,0.635,FVS FFE,26.2,FVS FFE,3.0,FVS FFE,1.0,FVS FFE,NA,NA,NA,NA,NA,NA,6.5,TRY,11.9,TRY,NA,NA,NA,NA,NA,NA,36.5,TRY,862.5,TRY,92.3,TRY,7.8,TRY,0.49,TRY,4.36666667,TRY,0,FEIS,NA,NA,NA,NA,NA,NA,NA,NA,NA,NA
Taxus_brevifolia,68,Tax_Bre,NA,NA,0,0.0,1,NA,1,1,0.635,FVS FFE,26.2,FVS FFE,1.0,FVS FFE,7.0,FVS FFE,NA,NA,NA,NA,NA,NA,NA,NA,NA,NA,NA,NA,NA,NA,0.2,TRY,14.0,TRY,300.0,TRY,30.1,TRY,15.574,TRY,0.67,TRY,0.9,TRY,0,FEIS,NA,NA,NA,NA,NA,NA,NA,NA,NA,NA
Thrinax_morrisii,344,Thr_Mor,NA,913,NA,NA,NA,NA,NA,0,NA,NA,NA,NA,NA,NA,NA,NA,NA,NA,NA,NA,NA,NA,NA,NA,NA,NA,NA,NA,NA,NA,NA,NA,NA,NA,NA,NA,NA,NA,NA,NA,NA,NA,NA,NA,NA,NA,NA,NA,NA,NA,NA,NA,NA,NA,NA,NA
Thuja_occidentalis,70,Thu_Occ,NA,241,0,0.0,0,0,1,1,0.635,FVS FFE,18.1,FVS FFE,2.0,FVS FFE,2.0,FVS FFE,NA,NA,48.6,TRY,NA,NA,48.0,TRY,9.014286,TRY,8.333333,TRY,NA,NA,NA,NA,19.927273,TRY,606.4,TRY,1.15,TRY,4.485722,TRY,0.32,TRY,1.14,TRY,0,FEIS,NA,NA,NA,NA,NA,NA,NA,NA,NA,NA
Thuja_plicata,71,Thu_Pli,38,242,0,0.0,1,1,1,1,0.889,FVS FFE,19.3,FVS FFE,2.0,FVS FFE,5.0,FVS FFE,NA,NA,NA,NA,NA,NA,NA,NA,8.6,TRY,12.2,TRY,NA,NA,NA,NA,51.191667,TRY,960.0,TRY,1.33,TRY,507.4675,TRY,0.34,TRY,2.63333333,TRY,1,FEIS,5,FEIS,113.2,Fonda et al. 1998 Northwest Sci,42.4,Fonda et al. 1998 Northwest Sci,45.7,Fonda et al. 1998 Northwest Sci,130.7,Fonda et al. 1998 Northwest Sci
Tilia_americana,215,Til_Ame,NA,951,0,0.0,0,0,0,1,0.9905999999999999,FVS FFE,20.0,FVS FFE,4.0,FVS FFE,1.0,FVS FFE,7259.30138,TRY,NA,NA,117.69486,TRY,NA,NA,24.583333,TRY,10.333333,TRY,0.15125,TRY,8.5552536,TRY,12.35,TRY,200.0,TRY,40.8,TRY,27.760153,TRY,0.4,TRY,NA,NA,NA,NA,NA,NA,NA,NA,NA,NA,NA,NA,NA,NA
Tilia_heterophylla,216,Til_Het,NA,NA,0,0.0,0,0,0,1,1.27,FVS FFE,20.0,FVS FFE,4.0,FVS FFE,1.0,FVS FFE,NA,NA,NA,NA,NA,NA,NA,NA,NA,NA,NA,NA,NA,NA,NA,NA,28.5,TRY,NA,NA,71.0,TRY,NA,NA,NA,NA,0.7,TRY,NA,NA,NA,NA,NA,NA,NA,NA,NA,NA,NA,NA
Tilia_spp.,217,Til_Spp,NA,950,1,NA,NA,NA,0,1,0.9652,FVS FFE,20.0,FVS FFE,4.0,FVS FFE,1.0,FVS FFE,NA,NA,NA,NA,NA,NA,NA,NA,NA,NA,NA,NA,NA,NA,NA,NA,NA,NA,NA,NA,NA,NA,NA,NA,NA,NA,NA,NA,NA,NA,NA,NA,NA,NA,NA,NA,NA,NA,NA,NA
Torreya_californica,72,Tor_Cal,39,NA,0,0.0,1,1,1,1,0.635,FVS FFE,34.9,FVS FFE,4.0,FVS FFE,1.0,FVS FFE,NA,NA,NA,NA,NA,NA,NA,NA,NA,NA,NA,NA,NA,NA,NA,NA,19.094118,TRY,175.0,TRY,3630.0,TRY,NA,NA,NA,NA,0.75,TRY,1,FEIS,5,FEIS,NA,NA,NA,NA,NA,NA,NA,NA
Tree_broadleaf,345,Tre_Bro,NA,998,NA,NA,NA,NA,NA,0,NA,NA,NA,NA,NA,NA,NA,NA,NA,NA,NA,NA,NA,NA,NA,NA,NA,NA,NA,NA,NA,NA,NA,NA,NA,NA,NA,NA,NA,NA,NA,NA,NA,NA,NA,NA,NA,NA,NA,NA,NA,NA,NA,NA,NA,NA,NA,NA
Tree_evergreen,346,Tre_Eve,NA,299,NA,NA,NA,NA,NA,0,NA,NA,NA,NA,NA,NA,NA,NA,NA,NA,NA,NA,NA,NA,NA,NA,NA,NA,NA,NA,NA,NA,NA,NA,NA,NA,NA,NA,NA,NA,NA,NA,NA,NA,NA,NA,NA,NA,NA,NA,NA,NA,NA,NA,NA,NA,NA,NA
Tree_unknown,347,Tre_Unk,NA,999,NA,NA,NA,NA,NA,0,NA,NA,NA,NA,NA,NA,NA,NA,NA,NA,NA,NA,NA,NA,NA,NA,NA,NA,NA,NA,NA,NA,NA,NA,NA,NA,NA,NA,NA,NA,NA,NA,NA,NA,NA,NA,NA,NA,NA,NA,NA,NA,NA,NA,NA,NA,NA,NA
Triadica_sebifera,348,Tri_Seb,NA,994,NA,NA,NA,NA,NA,0,NA,NA,NA,NA,NA,NA,NA,NA,NA,NA,NA,NA,NA,NA,NA,NA,NA,NA,NA,NA,NA,NA,NA,NA,NA,NA,NA,NA,NA,NA,NA,NA,NA,NA,NA,NA,NA,NA,NA,NA,NA,NA,NA,NA,NA,NA,NA,NA
Tsuga_canadensis,73,Tsu_Can,NA,261,0,0.0,0,0,1,1,0.9905999999999999,FVS FFE,23.7,FVS FFE,4.0,FVS FFE,3.0,FVS FFE,NA,NA,NA,NA,NA,NA,60.0,TRY,10.2,TRY,NA,NA,NA,NA,1.75,TRY,29.948148,TRY,837.6,TRY,8.72,TRY,10.981571,TRY,0.43,TRY,1.1,TRY,0,FEIS,NA,NA,NA,NA,NA,NA,NA,NA,NA,NA
Tsuga_caroliniana,349,Tsu_Car,NA,262,NA,NA,NA,NA,NA,0,NA,NA,NA,NA,NA,NA,NA,NA,NA,NA,NA,NA,NA,NA,NA,NA,NA,NA,NA,NA,NA,NA,NA,NA,NA,NA,NA,NA,NA,NA,NA,NA,NA,NA,NA,NA,NA,NA,NA,NA,NA,NA,NA,NA,NA,NA,NA,NA
Tsuga_heterophylla,74,Tsu_Het,40,263,0,0.0,1,1,1,1,4.953,FVS FFE,26.2,FVS FFE,4.0,FVS FFE,5.0,FVS FFE,NA,NA,NA,NA,NA,NA,NA,NA,11.22,TRY,12.333333,TRY,NA,NA,NA,NA,48.126984,TRY,541.66667,TRY,2.15,TRY,136.977338,TRY,0.44,TRY,1.36666667,TRY,1,FEIS,4,FEIS,68.4,Fonda et al. 1998 Northwest Sci,24.6,Fonda et al. 1998 Northwest Sci,18.8,Fonda et al. 1998 Northwest Sci,43.6,Fonda et al. 1998 Northwest Sci
Tsuga_mertensiana,75,Tsu_Mer,41,264,0,0.0,1,1,1,1,5.588,FVS FFE,26.2,FVS FFE,4.0,FVS FFE,4.0,FVS FFE,NA,NA,41.6,TRY,NA,NA,NA,NA,11.3,TRY,NA,NA,NA,NA,NA,NA,25.0,TRY,NA,NA,NA,NA,4.32,TRY,0.51,TRY,0.9,TRY,1,FEIS,5,FEIS,NA,NA,NA,NA,NA,NA,NA,NA
Tsuga_spp.,76,Tsu_Spp,NA,260,1,NA,NA,NA,1,1,1.0032999999999999,FVS FFE,24.95,FVS FFE,4.0,FVS FFE,3.5,FVS FFE,NA,NA,NA,NA,NA,NA,NA,NA,NA,NA,NA,NA,NA,NA,NA,NA,NA,NA,NA,NA,NA,NA,NA,NA,NA,NA,NA,NA,0,FEIS,NA,NA,NA,NA,NA,NA,NA,NA,NA,NA
Ulmus_alata,218,Ulm_Ala,NA,971,0,0.0,0,0,0,1,0.7874,FVS FFE,33.05,FVS FFE,4.0,FVS FFE,1.0,FVS FFE,1040.54167,TRY,NA,NA,65.3,TRY,NA,NA,NA,NA,NA,NA,NA,NA,2.5025,TRY,8.135135,TRY,NA,NA,NA,NA,21.796358,TRY,0.73,TRY,NA,NA,NA,NA,NA,NA,NA,NA,NA,NA,NA,NA,NA,NA
Ulmus_americana,219,Ulm_Ame,NA,972,0,0.0,0,0,0,1,0.7874,FVS FFE,28.7,FVS FFE,4.0,FVS FFE,1.0,FVS FFE,NA,NA,25.9,TRY,NA,NA,5.8,TRY,18.622857,TRY,11.538462000000001,TRY,NA,NA,4.5,TRY,37.142857,TRY,258.33333,TRY,6.53,TRY,10.145,TRY,0.55,TRY,NA,NA,NA,NA,NA,NA,NA,NA,NA,NA,NA,NA,NA,NA
Ulmus_crassifolia,350,Ulm_Cra,NA,973,NA,NA,NA,NA,NA,0,NA,NA,NA,NA,NA,NA,NA,NA,NA,NA,NA,NA,NA,NA,NA,NA,NA,NA,NA,NA,NA,NA,NA,NA,NA,NA,NA,NA,NA,NA,NA,NA,NA,NA,NA,NA,NA,NA,NA,NA,NA,NA,NA,NA,NA,NA,NA,NA
Ulmus_pumilia,220,Ulm_Pum,NA,974,0,0.0,NA,NA,0,1,0.9652,FVS FFE,28.7,FVS FFE,4.0,FVS FFE,1.0,FVS FFE,NA,NA,NA,NA,NA,NA,NA,NA,NA,NA,NA,NA,NA,NA,NA,NA,NA,NA,NA,NA,NA,NA,NA,NA,NA,NA,NA,NA,NA,NA,NA,NA,NA,NA,NA,NA,NA,NA,NA,NA
Ulmus_rubra,221,Ulm_Rub,NA,975,0,0.0,0,0,0,1,0.8128,FVS FFE,29.9,FVS FFE,4.0,FVS FFE,1.0,FVS FFE,NA,NA,NA,NA,NA,NA,NA,NA,NA,NA,NA,NA,NA,NA,6.25,TRY,29.8,TRY,200.0,TRY,10.6,TRY,23.235131,TRY,0.57,TRY,NA,NA,NA,NA,NA,NA,NA,NA,NA,NA,NA,NA,NA,NA
Ulmus_serotina,351,Ulm_Ser,NA,976,NA,NA,NA,NA,NA,0,NA,NA,NA,NA,NA,NA,NA,NA,NA,NA,NA,NA,NA,NA,NA,NA,NA,NA,NA,NA,NA,NA,NA,NA,NA,NA,NA,NA,NA,NA,NA,NA,NA,NA,NA,NA,NA,NA,NA,NA,NA,NA,NA,NA,NA,NA,NA,NA
Ulmus_spp.,222,Ulm_Spp,NA,970,1,NA,NA,NA,0,1,0.9905999999999999,FVS FFE,28.7,FVS FFE,4.0,FVS FFE,1.0,FVS FFE,NA,NA,NA,NA,NA,NA,NA,NA,NA,NA,NA,NA,NA,NA,NA,NA,NA,NA,NA,NA,NA,NA,NA,NA,NA,NA,NA,NA,NA,NA,NA,NA,NA,NA,NA,NA,NA,NA,NA,NA
Ulmus_thomasii,223,Ulm_Tho,NA,977,0,0.0,0,0,0,1,0.8382,FVS FFE,35.6,FVS FFE,4.0,FVS FFE,1.0,FVS FFE,NA,NA,NA,NA,NA,NA,NA,NA,NA,NA,NA,NA,NA,NA,3.75,TRY,29.0,TRY,300.0,TRY,68.7,TRY,NA,NA,0.66,TRY,NA,NA,NA,NA,NA,NA,NA,NA,NA,NA,NA,NA,NA,NA
Umbellularia_californica,224,Umb_Cal,NA,981,0,0.0,1,1,0,1,0.6604,FVS FFE,36.2,FVS FFE,2.0,FVS FFE,1.0,FVS FFE,1615.0,TRY,32.2,TRY,NA,NA,NA,NA,15.033333,TRY,NA,NA,NA,NA,2.25,TRY,30.5,TRY,NA,NA,2030.0,TRY,8.427,TRY,0.55,TRY,NA,NA,NA,NA,NA,NA,NA,NA,NA,NA,NA,NA,NA,NA
Vernicia_fordii,352,Ver_For,NA,995,NA,NA,NA,NA,NA,0,NA,NA,NA,NA,NA,NA,NA,NA,NA,NA,NA,NA,NA,NA,NA,NA,NA,NA,NA,NA,NA,NA,NA,NA,NA,NA,NA,NA,NA,NA,NA,NA,NA,NA,NA,NA,NA,NA,NA,NA,NA,NA,NA,NA,NA,NA,NA,NA
